severity,subjects,components,date
Recall,Steering:linkages:link:drag:connection,Steering,1966-11-25
Recall,Brakes:hydraulic:power assist:booster,"Service Brakes, Hydraulic",1966-11-15
Recall,Brakes:hydraulic:master cylinder,"Service Brakes, Hydraulic",1966-10-20
Recall,Fuel:throttle linkages and control,N/A,1966-10-18
Recall,Tires:sidewall,Tires,1966-10-06
Recall,Interior systems:restraint:belt anchor and attachm,Seat Belts,1966-10-06
Recall,Brakes:hydraulic:pedal,"Service Brakes, Hydraulic",1966-10-06
Recall,Interior systems:tracks and anchors:front seat:pow,Seats,1966-10-06
Recall,Structure:body:wheel well,Structure,1966-10-06
Recall,Steering:manual:gear box,Steering,1966-10-06
Recall,Suspension:independent front:bearing wheel,Suspension,1966-10-06
Recall,Steering:linkages:sleeve:tie rod:adjustable,Steering,1967-11-21
Large Recall,Steering:wheel and column,Steering,1967-11-15
Large Recall,Steering:wheel and column,Steering,1967-11-15
Recall,Steering:wheel and column,Steering,1967-10-03
Recall,Suspension:independent front control arm:lower,Suspension,1967-09-19
Recall,Brakes:hydraulic:power assist:booster,"Service Brakes, Hydraulic",1967-09-12
Recall,Lighting:lighting concealment devices:headlights,Exterior Lighting,1967-06-20
Recall,Steering,N/A,1967-06-16
Recall,Suspension,N/A,1967-05-10
Recall,Equipment:jacks,Equipment,1967-05-10
Large Recall,Brakes:hydraulic:power assist:booster,"Service Brakes, Hydraulic",1967-02-23
Recall,Steering:wheel and column,Steering,1967-02-23
Recall,Suspension:independent front spindle:knuckle:steer,Steering,1967-01-31
Recall,Brakes:hydraulic:differential:proportional valve,"Service Brakes, Hydraulic",1968-12-03
Recall,Heater:unknown type:defroster:defogger:hose:duct:a,Visibility,1968-10-09
Recall,Brakes:hydraulic:lines:hose:non-metallic,"Service Brakes, Hydraulic",1968-09-30
Recall,Structure:body,Structure,1968-08-13
Recall,Brakes:hydraulic:power assist:booster,"Service Brakes, Hydraulic",1968-06-13
Recall,Lighting:general or unknown component:clearance li,N/A,1968-05-22
Recall,Lighting:lighting concealment devices:headlights,Exterior Lighting,1968-05-22
Recall,Steering,N/A,1968-04-02
Recall,Steering:linkages:arm:idler and attachment,Steering,1968-04-02
Recall,Steering:linkages:arm:idler and attachment,Steering,1968-03-07
Recall,Steering:wheel and column,Steering,1969-12-30
Recall,Brakes:air:drum and shoe systems:adjusters:slack,"Service Brakes, Air",1969-09-04
Recall,Interior systems:active restraints:belt retractors,Seat Belts,1969-09-04
Large Recall,Brakes:fluid:hydraulic (fluid contamination/wrong,"Service Brakes, Hydraulic",1969-08-15
Recall,Brakes:hydraulic:disc:rotor:disc hub,"Service Brakes, Hydraulic",1969-07-16
Large Recall,Structure:hood assembly:latches,Latches/locks/linkages,1969-06-02
Recall,Structure:door assembly:latches and locks,Latches/locks/linkages,1969-05-07
Recall,Suspension:independent front:bearing wheel,Suspension,1969-05-07
Recall,Fuel:throttle linkages:accelerator:flexible,Vehicle Speed Control,1969-05-07
Recall,Steering:power assist:hose:fluid,Steering,1969-04-10
Recall,Interior systems:seat tracks and anchors,N/A,1969-03-24
Recall,Fuel:throttle linkages and control,N/A,1970-11-10
Recall,Brakes:hydraulic:master cylinder:cover,"Service Brakes, Hydraulic",1970-11-10
Recall,Tires:cord,Tires,1970-09-25
Recall,Tires:tread,Tires,1970-09-25
Recall,Equipment:certification label,Equipment,1970-09-25
Recall,Structure:frame and members(give side/end),Structure,1970-09-25
Recall,Interior systems:restraint:belt anchor and attachm,Seat Belts,1970-09-25
Recall,Suspension:independent front control arm:lower,Suspension,1970-09-03
Recall,Interior systems:active restraints:belt retractors,Seat Belts,1970-05-12
Recall,Steering:column,Steering,1970-03-30
Recall,Interior systems:active seat and shoulder belts an,Seat Belts,1971-11-22
Recall,Steering:wheel and column,Steering,1971-10-20
Recall,Brakes:fluid:hydraulic (fluid contamination/wrong,"Service Brakes, Hydraulic",1971-10-04
Recall,Wheels:hub,Wheels,1971-09-17
Recall,Brakes:hydraulic:pedals and linkages,"Service Brakes, Hydraulic",1971-09-15
Recall,Equipment:jacks,Equipment,1971-09-15
Recall,Steering:unknown type:gear box,Steering,1971-08-02
Recall,Tires:cord,Tires,1971-08-02
Recall,Brakes:fluid:hydraulic (fluid contamination/wrong,"Service Brakes, Hydraulic",1971-06-30
Recall,Brakes:fluid:hydraulic (fluid contamination/wrong,"Service Brakes, Hydraulic",1971-06-28
Recall,Interior systems:active restraints:belt retractors,Seat Belts,1971-05-26
Recall,Structure:frame:members and body:truck,N/A,1971-04-16
Large Recall,Fuel:carburetor:unknown type:cleaner,"Fuel System, Gasoline",1971-04-06
Recall,Steering:unknown type:gear box,Steering,1971-02-19
Recall,Brakes:hydraulic:lines:metallic,"Service Brakes, Hydraulic",1971-02-19
Recall,Brakes:hydraulic:power assist:booster,"Service Brakes, Hydraulic",1971-02-19
Recall,Brakes:hydraulic:lines:metallic,"Service Brakes, Hydraulic",1971-02-19
Recall,Tires:sidewall,Tires,1971-02-16
Recall,Emergency parking brake:air:lines and fittings,Parking Brake,1972-12-27
Recall,Fuel:carburetor:unknown type:other part,"Fuel System, Gasoline",1972-11-08
Recall,Brakes:hydraulic:lines:hose:non-metallic,"Service Brakes, Hydraulic",1972-11-07
Recall,Steering:power assist,Steering,1972-10-25
Large Recall,Steering:power:gear box,Steering,1972-09-29
Recall,Suspension:independent front:bearing wheel,Suspension,1972-08-24
Recall,Interior systems:shoulder belts,Seat Belts,1972-07-21
Recall,Interior systems:active seat and shoulder belts an,Seat Belts,1972-07-21
Recall,Fuel:fuel lines fittings and pump,"Fuel System, Gasoline",1972-07-05
Large Recall,Interior systems:shoulder belts,Seat Belts,1972-06-29
Large Recall,Structure:bumper assembly,Structure,1972-06-29
Recall,Interior systems:seat belts:lap:rear,Seat Belts,1972-06-19
Recall,Suspension:tandem axle:rear:support equalizing bea,Suspension,1972-06-13
Large Recall,Power train:axle assembly:bearing:axle shaft,Power Train,1972-04-26
Recall,Steering:column,Steering,1972-04-03
Recall,Structure:hood assembly:latches,Latches/locks/linkages,1972-03-13
Recall,Equipment:tire reserve load label (glove compartme,Equipment,1972-03-02
Recall,Steering:wheel and column,Steering,1972-02-28
Recall,Brakes:hydraulic:lines:metallic,"Service Brakes, Hydraulic",1972-01-31
Recall,Electrical system:wiring:harness:front:underhood,Electrical System,1973-12-20
Recall,Electrical system:wiring:other part,Electrical System,1973-11-12
Recall,Power train:transmission:automatic:lever and linka,Power Train,1973-11-12
Recall,Brakes:air systems:lines:hose:non-metallic,"Service Brakes, Air",1973-10-30
Recall,Power train:transmission:automatic,Power Train,1973-09-05
Recall,Electrical system:starter,Electrical System,1973-08-28
Recall,Steering:column coupling,Steering,1973-07-30
Recall,Interior systems:restraint:belt anchor and attachm,Seat Belts,1973-05-21
Recall,Fuel:fuel lines:hoses:non-metallic,"Fuel System, Gasoline",1973-05-04
Recall,Tires,N/A,1973-03-29
Recall,Steering:linkages:arm:idler and attachment,Steering,1973-03-12
Recall,Fuel:fuel tank assembly,"Fuel System, Gasoline",1973-03-12
Recall,Brakes:air systems:lines:hose:non-metallic,"Service Brakes, Air",1973-03-05
Recall,Power train:driveline:shaft chain:propellor:drive,Power Train,1973-02-27
Recall,Brakes:air systems:air supply:check valve,"Service Brakes, Air",1973-02-16
Recall,Brakes:hydraulic:lines:hose:non-metallic,"Service Brakes, Hydraulic",1973-02-16
Recall,Brakes:hydraulic:lines:metallic,"Service Brakes, Hydraulic",1973-02-13
Recall,Suspension:tandem axle:rear:support equalizing bea,Suspension,1973-02-12
Recall,Structure:tailgate assembly:hinge and attachments,Structure,1973-01-24
Recall,Equipment:other pieces:trailer hitches and attachm,N/A,1973-01-05
Recall,Suspension:i-beam:solid:front spindle:knuckle,Steering,1974-12-09
Recall,Power train:axle assembly:housing:axle shaft,Power Train,1974-12-09
Recall,Brakes:air systems:fittings:metallic,"Service Brakes, Air",1974-12-02
Recall,Suspension:independent front control arm:upper,Suspension,1974-11-26
Recall,Electrical system:wiring:harness:front:underhood,Electrical System,1974-09-24
Recall,Steering:column coupling,Steering,1974-09-17
Recall,Brakes:hydraulic:linkage:pedal,"Service Brakes, Hydraulic",1974-09-05
Recall,Brakes:hydraulic:linkage:pedal,"Service Brakes, Hydraulic",1974-09-05
Recall,Brakes:hydraulic:lines:hose:non-metallic,"Service Brakes, Hydraulic",1974-09-05
Recall,Heater:water:defroster:defogger,Visibility,1974-09-04
Recall,Interior systems:seat belts:lap:rear,Seat Belts,1974-08-26
Recall,Fuel:carburetor:four:barrel,"Fuel System, Gasoline",1974-08-13
Recall,Steering:power assist:pump,Steering,1974-08-13
Recall,Tires:tread,Tires,1974-08-01
Recall,Brakes:hydraulic:power assist:booster,"Service Brakes, Hydraulic",1974-06-17
Recall,Interior systems:front split back seat latch,Seats,1974-06-05
Recall,Structure:frame:members and body:other parts,N/A,1974-04-22
Recall,Heater:combustion(gas):defroster:defogger,Visibility,1974-04-04
Recall,Interior systems:seat belts:lap:rear,Seat Belts,1974-03-25
Recall,Fuel:carburetor:unknown type:other part,"Fuel System, Gasoline",1974-02-25
Large Recall,Equipment:speed control,N/A,1974-01-16
Recall,Brakes:control assembly (computer),"Service Brakes, Air",1975-12-29
Recall,Heater:water:defroster:defogger,Visibility,1975-12-18
Recall,Suspension:independent front attaching mechanisms:,N/A,1975-10-01
Recall,Emergency parking brake:mechanical:linkages and ca,Parking Brake,1975-09-08
Recall,Power train:axle assembly:housing:axle shaft,Power Train,1975-08-05
Recall,Brakes:hydraulic:disc:caliper,"Service Brakes, Hydraulic",1975-07-17
Recall,Fuel:carburetor:four:barrel:other part,"Fuel System, Gasoline",1975-05-29
Recall,Equipment:tire reserve load label (glove compartme,Equipment,1975-05-19
Recall,Brakes:hydraulic:lines:hose:non-metallic,"Service Brakes, Hydraulic",1975-05-19
Recall,Equipment:vehicle identification number and plate,Equipment,1975-05-16
Recall,Brakes:hydraulic:linkage:pedal,"Service Brakes, Hydraulic",1975-05-12
Recall,Brakes:air control valve,"Service Brakes, Air",1975-05-12
Recall,Power train:transmission:automatic,Power Train,1975-05-05
Recall,Suspension:single axle:rear:control arm,Suspension,1975-04-23
Recall,Brakes:hydraulic:linkage:pedal,"Service Brakes, Hydraulic",1975-04-16
Large Recall,Fuel:carburetor:other part,"Fuel System, Gasoline",1975-03-04
Large Recall,Fuel:carburetor:four:barrel:other part,"Fuel System, Gasoline",1975-03-04
Large Recall,Interior systems:seat belts:lap:front,Seat Belts,1975-01-03
Recall,Equipment:certification label,Equipment,1976-11-23
Recall,Suspension:independent front control arm:upper,Suspension,1976-11-16
Recall,Interior systems:restraint:belt anchor and attachm,Seat Belts,1976-11-09
Large Recall,Fuel:fuel lines:hoses:non-metallic,"Fuel System, Gasoline",1976-10-29
Recall,Steering:gear box,Steering,1976-10-18
Recall,Fuel:carburetor:double:barrel,"Fuel System, Gasoline",1976-09-14
Recall,Visual systems:windshield washer,Visibility,1976-09-14
Recall,Interior systems:bench:back rest,Seats,1976-09-07
Recall,Interior systems:front bucket seat latch,Seats,1976-07-20
Recall,Air conditioner,Equipment,1976-07-02
Recall,Brakes:hydraulic:lines:metallic,"Service Brakes, Hydraulic",1976-06-01
Large Recall,Fuel:throttle linkages:accelerator:flexible,Vehicle Speed Control,1976-04-29
Recall,Interior systems:seat belts:lap:front,Seat Belts,1976-04-09
Recall,Steering:power:gear box,Steering,1976-03-25
Recall,Suspension:i-beam:solid:front hanger:bracket,Suspension,1976-03-03
Recall,Brakes:hydraulic:power assist:other,"Service Brakes, Hydraulic",1976-02-27
Recall,Exhaust system:muffler:resonator,Engine And Engine Cooling,1976-02-09
Recall,Steering:wheel and column,Steering,1976-01-26
Recall,Lighting:lamp or socket:park lights,N/A,1977-12-28
Recall,Air conditioner:motor:fan,Equipment,1977-12-15
Recall,Air conditioner:motor:fan,Equipment,1977-12-15
Recall,Fuel:fuel tank assembly:tank,"Fuel System, Gasoline",1977-12-15
Recall,Steering:manual:gear box,Steering,1977-12-14
Recall,Equipment:speed control,N/A,1977-11-25
Recall,Fuel:throttle linkages:accelerator:flexible,Vehicle Speed Control,1977-11-15
Recall,Visual systems:glass:window:tailgate and back door,Visibility,1977-11-15
Recall,Fuel:carburetor:single:other part,"Fuel System, Gasoline",1977-11-15
Recall,Wheels:lugs:nuts:bolts,Wheels,1977-11-15
Recall,Power train:transmission:automatic:lever and linka,Power Train,1977-10-25
Recall,Steering:linkages:sleeve:tie rod:adjustable,Steering,1977-10-25
Recall,Tires:markings,Tires,1977-10-25
Recall,Interior systems:active seat and shoulder belts an,Seat Belts,1977-10-25
Recall,Steering:linkages:arm:pitman,Steering,1977-10-12
Recall,Power train:transmission:automatic:lever and linka,Power Train,1977-10-12
Recall,Fuel:throttle linkages and control:cam:fast idle,N/A,1977-09-23
Recall,Brakes:service brakes,N/A,1977-09-22
Recall,Brakes:hydraulic:disc:rotor:disc hub,"Service Brakes, Hydraulic",1977-09-22
Recall,Suspension:single axle:rear,Suspension,1977-09-22
Large Recall,Fuel:fuel tank assembly:cap:filler,"Fuel System, Gasoline",1977-09-15
Recall,Power train:transmission:automatic:lever and linka,Power Train,1977-09-13
Recall,Fuel:fuel lines:hoses:non-metallic,"Fuel System, Gasoline",1977-09-13
Recall,Interior systems:tracks and anchors:rear seat,Seats,1977-08-29
Large Recall,Engine cooling system:fan,Engine And Engine Cooling,1977-08-16
Recall,Structure:bumper assembly:attachments/support bars,Structure,1977-07-28
Large Recall,Interior systems:instrument panel:material and pad,N/A,1977-06-27
Large Recall,Engine cooling system:fan,Engine And Engine Cooling,1977-06-20
Recall,Fuel:fuel tank assembly:attachments,"Fuel System, Gasoline",1977-06-02
Recall,Tires,N/A,1977-05-02
Recall,Fuel:fuel lines:hoses:non-metallic,"Fuel System, Gasoline",1977-04-12
Recall,Structure:door assembly:latches and locks,Latches/locks/linkages,1977-04-05
Large Recall,Interior systems:bucket:back rest,Seats,1977-03-28
Recall,Suspension:i-beam:solid:front u-bolt:spring to i-b,Suspension,1977-03-14
Recall,Steering:linkages:knuckle:spindle:arm,Steering,1977-01-27
Recall,Steering:power:shaft sector,Steering,1978-12-21
Recall,Steering:power assist:hose:fluid,Steering,1978-12-20
Recall,Power train:transmission:automatic,Power Train,1978-11-27
Recall,Wheels:single,N/A,1978-10-23
Large Recall,Engine cooling system:fan,Engine And Engine Cooling,1978-10-17
Recall,Wheels:single,N/A,1978-10-11
Recall,Interior systems:seat belts:lap:rear,Seat Belts,1978-10-05
Recall,Engine cooling system:fan,Engine And Engine Cooling,1978-10-04
Recall,Steering:column coupling,Steering,1978-10-04
Recall,Engine cooling system:fan,Engine And Engine Cooling,1978-10-04
Recall,Lighting:lamp or socket:tail lights,Exterior Lighting,1978-09-25
Large Recall,Exhaust/crankcase emission control:check valve,Engine And Engine Cooling,1978-09-21
Recall,Power train:transmission:automatic,Power Train,1978-09-15
Recall,Fuel:fuel tank assembly:attachments,"Fuel System, Gasoline",1978-09-11
Recall,Electrical system:fuse and recepticle:circuit brea,Electrical System,1978-09-11
Recall,Brakes:hydraulic:lines:hose:non-metallic,"Service Brakes, Hydraulic",1978-09-11
Recall,Steering:column:tilt,Steering,1978-08-24
Large Recall,Visual systems:windshield wiper linkage:pivot:driv,Visibility,1978-08-15
Large Recall,Visual systems:windshield wiper linkage:pivot:driv,Visibility,1978-08-07
Recall,Interior systems:active restraints:belt retractors,Seat Belts,1978-08-07
Recall,Visual systems:glass:windshield,Visibility,1978-07-25
Large Recall,Engine cooling system:fan,Engine And Engine Cooling,1978-07-03
Recall,Fuel:fuel lines:hoses:non-metallic,"Fuel System, Gasoline",1978-06-27
Large Recall,Fuel:fuel tank assembly,"Fuel System, Gasoline",1978-06-19
Recall,Power train:transmission:automatic:lever and linka,Power Train,1978-06-19
Large Recall,Interior systems:active restraints:belt retractors,Seat Belts,1978-05-15
Recall,Steering:linkages,Steering,1978-05-15
Recall,Power train:transmission:automatic,Power Train,1978-04-28
Large Recall,Structure:bumper assembly,Structure,1978-04-04
Recall,Interior systems:active restraints:belt retractors,Seat Belts,1978-03-08
Recall,Tires,N/A,1978-03-06
Recall,Power train:transmission:automatic:lever and linka,Power Train,1978-02-16
Recall,Steering:column coupling,Steering,1978-01-30
Recall,Wheels:single,N/A,1978-01-30
Recall,Wheels:multiple,Wheels,1978-01-30
Large Recall,Electrical system:wiring:harness:under dash,Electrical System,1978-01-10
Recall,Engine cooling system:fan,Engine And Engine Cooling,1978-01-10
Recall,Visual systems:glass:windshield,Visibility,1979-12-27
Large Recall,Interior systems:split:back rest,Seats,1979-12-20
Large Recall,Power train:transmission:4 speed:lever and linkage,Power Train,1979-12-20
Recall,Power train:transmission:automatic:lever and linka,Power Train,1979-12-18
Recall,Brakes:hydraulic:shoe and drum wheel cylinders,"Service Brakes, Hydraulic",1979-12-18
Recall,Suspension:tandem axle:rear:support equalizing bea,Suspension,1979-12-04
Large Recall,Structure:bumper assembly:attachments/support bars,Structure,1979-11-16
Recall,Brakes:hydraulic:disc:rotor:disc hub,"Service Brakes, Hydraulic",1979-11-02
Recall,Power train:axle assembly:shaft axle,Power Train,1979-10-26
Recall,Brakes:hydraulic:switch:brake light,Exterior Lighting,1979-09-25
Recall,Lighting:switch:button:ring:head lights,Exterior Lighting,1979-09-18
Recall,Wheels:single,N/A,1979-09-17
Recall,Wheels:multiple,Wheels,1979-09-11
Recall,Wheels:single,N/A,1979-08-07
Recall,Air conditioner:switch:fan,Equipment,1979-07-03
Recall,Brakes:hydraulic:lines:hose:non-metallic,"Service Brakes, Hydraulic",1979-06-19
Recall,Structure:shields:protectors:lines:tubing,Structure,1979-06-19
Recall,Structure:frame and members(give side/end),Structure,1979-05-15
Recall,Brakes:hydraulic:linkage:pedal,"Service Brakes, Hydraulic",1979-05-15
Large Recall,Brakes:hydraulic:lines:hose:non-metallic,"Service Brakes, Hydraulic",1979-04-30
Recall,Brakes:hydraulic:lines:metallic,"Service Brakes, Hydraulic",1979-04-30
Recall,Engine cooling system:fan,Engine And Engine Cooling,1979-04-05
Recall,Brakes:control assembly (computer),"Service Brakes, Air",1979-03-29
Recall,Brakes:air systems:pedal,"Service Brakes, Air",1979-03-06
Recall,Equipment:tire reserve load label (glove compartme,Equipment,1979-03-01
Recall,Steering:column coupling,Steering,1979-02-22
Recall,Brakes:air systems:lines:hose:non-metallic,"Service Brakes, Air",1979-02-22
Recall,Steering:linkages:knuckle:spindle:arm,Steering,1979-01-29
Recall,Fuel:fuel tank assembly:attachments,"Fuel System, Gasoline",1979-01-26
Recall,Equipment:certification label,Equipment,1979-01-26
Recall,Equipment:other labels,Equipment,1979-01-15
Recall,Visual systems:glass:windshield,Visibility,1979-01-15
Recall,Brakes:hydraulic:linkage:pedal,"Service Brakes, Hydraulic",1979-01-09
Recall,Interior systems:tracks and anchors:rear seat,Seats,1979-01-09
Recall,Brakes:hydraulic:lines:hose:non-metallic,"Service Brakes, Hydraulic",1980-12-23
Recall,Brakes:hydraulic:linkage:pedal,"Service Brakes, Hydraulic",1980-11-19
Recall,Electrical system:wiring:harness:under dash,Electrical System,1980-11-13
Recall,Fuel:fuel tank assembly:attachments,"Fuel System, Gasoline",1980-11-10
Large Recall,Engine cooling system:fan,Engine And Engine Cooling,1980-11-07
Large Recall,Engine cooling system:fan,Engine And Engine Cooling,1980-11-07
Recall,Fuel:fuel tank assembly:tank,"Fuel System, Gasoline",1980-11-04
Recall,Structure:bumper assembly:attachments/support bars,Structure,1980-10-24
Recall,Electrical system:wiring:harness:front:underhood,Electrical System,1980-10-15
Recall,Brakes:hydraulic system,"Service Brakes, Hydraulic",1980-10-03
Recall,Electrical system:ignition:switch:neutral start,Electrical System,1980-09-23
Recall,Brakes:hydraulic:lines:hose:non-metallic,"Service Brakes, Hydraulic",1980-09-19
Recall,Fuel:fuel tank assembly:attachments,"Fuel System, Gasoline",1980-08-06
Large Recall,Engine cooling system:fan,Engine And Engine Cooling,1980-08-06
Recall,Fuel:fuel tank assembly:attachments,"Fuel System, Gasoline",1980-08-05
Recall,Visual systems:mirrors:rearview:exterior,Visibility,1980-07-28
Recall,Exhaust system,Engine And Engine Cooling,1980-07-14
Recall,Fuel:fuel lines fittings:metallic,"Fuel System, Gasoline",1980-07-14
Recall,Wheels:disc:spider,Wheels,1980-06-09
Recall,Lighting:switch:button:ring:brake lights,Exterior Lighting,1980-05-27
Recall,Visual systems:glass:power window door and side,Visibility,1980-05-16
Recall,Fuel:fuel tank assembly:tank,"Fuel System, Gasoline",1980-04-10
Recall,Electrical system:wiring:harness:under dash,Electrical System,1980-04-08
Recall,Exhaust system,Engine And Engine Cooling,1980-03-24
Recall,Steering:column shaft upper,Steering,1980-03-24
Recall,Equipment:tire reserve load label (glove compartme,Equipment,1981-12-23
Large Recall,Engine cooling system:fan,Engine And Engine Cooling,1981-12-02
Recall,Engine cooling system:fan,Engine And Engine Cooling,1981-12-02
Recall,Brakes:hydraulic:lines:hose:non-metallic,"Service Brakes, Hydraulic",1981-10-15
Recall,Wheels:multiple:lugs:nuts:bolts,Wheels,1981-10-06
Recall,Lighting:general or unknown component:high/low bea,Exterior Lighting,1981-09-15
Recall,Fuel:fuel tank assembly,"Fuel System, Gasoline",1981-09-09
Recall,Interior systems:bucket:back rest,Seats,1981-09-08
Large Recall,Fuel:fuel tank assembly:pipe:filler:neck,"Fuel System, Gasoline",1981-07-22
Recall,Brakes:hydraulic:lines:metallic,"Service Brakes, Hydraulic",1981-07-17
Recall,Brakes:hydraulic:power assist:booster,"Service Brakes, Hydraulic",1981-07-07
Recall,Electrical system:wiring:other part,Electrical System,1981-06-15
Recall,Structure:frame:members and body:other parts,N/A,1981-05-21
Recall,Fuel:fuel tank assembly:pipe:filler:neck,"Fuel System, Gasoline",1981-04-07
Recall,Equipment:speed control vacuum lines,N/A,1981-04-06
Recall,Power train:transmission:3 speed:shift pattern ind,Power Train,1981-04-01
Recall,Wheels:single:rim base,Wheels,1981-03-20
Recall,Fuel:fuel tank assembly:attachments,"Fuel System, Gasoline",1981-02-13
Large Recall,Power train:transmission:automatic:indicator:lever,Power Train,1981-01-12
Recall,Suspension:single axle:rear:control arm,Suspension,1982-12-28
Recall,Structure:shields:protectors:lines:tubing,Structure,1982-12-13
Recall,Fuel:fuel pump,"Fuel System, Gasoline",1982-12-13
Recall,Fuel:throttle linkages:accelerator:flexible,Vehicle Speed Control,1982-12-07
Recall,Brakes:hydraulic:lines:metallic,"Service Brakes, Hydraulic",1982-12-07
Recall,Power train:axle assembly,Power Train,1982-10-26
Recall,Structure:hood assembly:hinge and attachments,Structure,1982-10-26
Recall,Power train:transmission:automatic,Power Train,1982-10-13
Recall,Power train:transmission:automatic:lever and linka,Power Train,1982-10-13
Recall,Visual systems:mirrors:rearview:exterior,Visibility,1982-10-12
Recall,Fuel:throttle linkages:accelerator:rigid,Vehicle Speed Control,1982-09-16
Recall,Fuel:fuel tank assembly:pipe:filler:neck,"Fuel System, Gasoline",1982-09-16
Large Recall,Air conditioner:motor:fan,Equipment,1982-05-11
Recall,Fuel:fuel tank assembly:pipe:filler:neck,"Fuel System, Gasoline",1982-04-27
Recall,Exhaust system:muffler:resonator,Engine And Engine Cooling,1982-04-12
Recall,Fuel:lpg lines:fittings systems,"Fuel System, Other",1982-04-06
Recall,Fuel:throttle linkages and control,N/A,1982-03-26
Recall,Electrical system:starter,Electrical System,1982-03-15
Recall,Equipment:carrier:spare tire,Equipment,1982-03-15
Recall,Power train:transmission:automatic:lever and linka,Power Train,1982-01-13
Recall,Engine cooling system:fan,Engine And Engine Cooling,1983-12-28
Large Recall,Interior systems:restraint:belt anchor and attachm,Seat Belts,1983-12-20
Recall,Fuel:fuel tank:auxillary,"Fuel System, Gasoline",1983-11-07
Recall,Structure:hood assembly,Structure,1983-10-21
Recall,Engine:mounts,Engine And Engine Cooling,1983-09-21
Recall,Fuel:fuel lines:hoses:non-metallic,"Fuel System, Gasoline",1983-09-21
Large Recall,Structure:door assembly:latches and locks,Latches/locks/linkages,1983-06-22
Recall,Lighting:general or unknown component:instrument l,N/A,1983-05-16
Recall,Fuel:fuel tank assembly:attachments,"Fuel System, Gasoline",1983-05-04
Recall,Fuel:fuel lines:metallic,"Fuel System, Gasoline",1983-05-02
Recall,Fuel:fuel lines:metallic,"Fuel System, Gasoline",1983-04-11
Recall,Engine cooling system:fan,Engine And Engine Cooling,1983-04-05
Recall,Suspension:i-beam:solid:front spring:coil,Suspension,1983-03-22
Recall,Brakes:hydraulic:shoe and drum system:adjusters:la,"Service Brakes, Hydraulic",1983-03-22
Recall,Power train:transmission:automatic,Power Train,1983-03-07
Recall,Engine cooling system:fan,Engine And Engine Cooling,1983-03-01
Recall,Power train:transmission:automatic:lever and linka,Power Train,1983-02-24
Recall,Interior systems:seat tracks and anchors,N/A,1983-02-24
Large Recall,Interior systems:seat and shoulder belts and belt,N/A,1983-02-17
Recall,Electrical system:wiring:other part,Electrical System,1983-02-15
Recall,Fuel:fuel tank assembly:tank,"Fuel System, Gasoline",1983-02-08
Recall,Fuel:fuel injection:electrical:line:hose,"Fuel System, Gasoline",1984-12-26
Recall,Brakes:hydraulic:power assist:lines:vacuum,"Service Brakes, Hydraulic",1984-10-23
Recall,Brakes:hydraulic:lines:hose:non-metallic,"Service Brakes, Hydraulic",1984-10-10
Recall,Fuel:carburetor:unknown type,"Fuel System, Gasoline",1984-10-02
Large Recall,Structure:hood assembly:latches,Latches/locks/linkages,1984-09-25
Large Recall,Fuel:fuel lines:hoses:non-metallic,"Fuel System, Gasoline",1984-09-25
Recall,Engine cooling system:fan,Engine And Engine Cooling,1984-09-11
Recall,Suspension,N/A,1984-09-06
Recall,Steering:power:gear box,Steering,1984-08-29
Recall,Interior systems:seat track anchors and seats,N/A,1984-07-18
Large Recall,Fuel:fuel tank assembly:cap:filler,"Fuel System, Gasoline",1984-07-09
Large Recall,Engine cooling system:fan,Engine And Engine Cooling,1984-06-26
Large Recall,Interior systems:seat track anchors and seats,N/A,1984-06-15
Recall,Steering:linkages:rod:relay:connecting,Steering,1984-06-15
Recall,Fuel:fuel separator (8/82),"Fuel System, Diesel",1984-05-22
Recall,Suspension:i-beam:solid:front spring:coil,Suspension,1984-04-10
Recall,Brakes:hydraulic:linkage:pedal,"Service Brakes, Hydraulic",1984-03-26
Recall,Fuel:fuel tank assembly:attachments,"Fuel System, Gasoline",1984-03-23
Recall,Wheels:locking mechanism,Wheels,1984-03-06
Recall,Steering:column locking:anti-theft device,Steering,1984-01-13
Recall,Manufacturer's information to dealers,N/A,1984-01-13
Recall,Fuel:fuel lines:hoses:non-metallic,"Fuel System, Gasoline",1984-01-07
Recall,Wheels,N/A,1984-01-07
Recall,Steering:column locking:anti-theft device,Steering,1985-12-26
Recall,Emergency parking brake:air:valve:control,Parking Brake,1985-12-20
Large Recall,Suspension:single axle:rear:control arm,Suspension,1985-11-05
Recall,Electrical system:ignition:electronic control unit,Electrical System,1985-10-22
Recall,Fuel:fuel lines:hoses:non-metallic,"Fuel System, Gasoline",1985-10-18
Recall,Fuel:fuel tank:auxillary,"Fuel System, Gasoline",1985-10-15
Recall,Power train:transmission:automatic:lever and linka,Power Train,1985-10-07
Recall,Electrical system:wiring:harness:front:underhood,Electrical System,1985-09-24
Recall,Fuel:throttle linkages and control,N/A,1985-09-19
Large Recall,Suspension:single axle:rear:control arm,Suspension,1985-07-03
Recall,Structure:shields:protectors:lines:tubing,Structure,1985-06-11
Large Recall,Interior systems:seat belts:lap:rear,Seat Belts,1985-05-21
Recall,Brakes:hydraulic:power assist:booster,"Service Brakes, Hydraulic",1985-05-21
Recall,Fuel:fuel system:water / fuel detection system (di,N/A,1985-05-14
Recall,Fuel:throttle linkages and control:cam:fast idle,N/A,1985-05-01
Recall,Fuel:fuel lines fittings:non-metallic,"Fuel System, Gasoline",1985-04-17
Recall,Suspension:independent front air suspension system,Suspension,1985-04-09
Recall,Brakes:hydraulic:master cylinder,"Service Brakes, Hydraulic",1985-03-11
Recall,Steering:linkages:link:drag:connection,Steering,1986-12-30
Recall,Brakes:hydraulic:other,N/A,1986-12-30
Recall,Suspension:single axle:rear:non-power axle:spindle,Suspension,1986-11-07
Recall,Steering:column,Steering,1986-10-28
Recall,Electrical system:wiring:harness:front:underhood,Electrical System,1986-10-24
Recall,Fuel:fuel tank assembly:tank,"Fuel System, Gasoline",1986-09-02
Recall,Fuel:fuel tank assembly:attachments,"Fuel System, Gasoline",1986-08-14
Recall,Fuel:throttle linkages and control,N/A,1986-08-12
Recall,Electrical system:ignition,Electrical System,1986-08-08
Recall,Brakes:power assist:primary:pump,"Service Brakes, Hydraulic",1986-08-08
Recall,Steering:linkages:link:drag:connection,Steering,1986-07-15
Recall,Power train:driveshaft,Power Train,1986-07-14
Recall,Brakes:hydraulic:lines:fittings:other,"Service Brakes, Hydraulic",1986-07-11
Large Recall,Interior systems:seats,N/A,1986-06-24
Recall,Lighting:lamp or socket:head lights,Exterior Lighting,1986-05-21
Recall,Emergency parking brake:mechanical:attachments:whe,Parking Brake,1986-04-14
Recall,Visual systems:mirrors:rearview:exterior,Visibility,1986-03-27
Recall,Visual systems:glazing material sticker,N/A,1986-03-10
Recall,Brakes:hydraulic:anti-skid system,"Service Brakes, Hydraulic",1986-02-10
Recall,Suspension:single axle:rear:leaf spring assembly,Suspension,1986-01-22
Large Recall,Fuel:fuel emission control:lines:vapor vent,Engine And Engine Cooling,1987-09-09
Large Recall,Fuel:fuel lines:metallic,"Fuel System, Gasoline",1987-09-04
Recall,Wheels:lugs:nuts:bolts,Wheels,1987-09-04
Recall,Brakes:hydraulic system,"Service Brakes, Hydraulic",1987-09-04
Recall,Fuel:fuel injection:other parts,"Fuel System, Gasoline",1987-08-17
Recall,Fuel:fuel emission control:lines:vapor vent,Engine And Engine Cooling,1987-07-21
Recall,Fuel:fuel tank assembly:attachments,"Fuel System, Gasoline",1987-07-16
Recall,Fuel:fuel tank assembly:pipe:filler:neck,"Fuel System, Gasoline",1987-06-15
Recall,Interior systems:restraint:belt anchor and attachm,Seat Belts,1987-05-26
Recall,Suspension:independent front:bearing wheel,Suspension,1987-05-26
Recall,Equipment:other labels,Equipment,1987-05-18
Recall,Fuel:throttle linkages and control return spring,Vehicle Speed Control,1987-04-27
Recall,Wheels:lugs:nuts:bolts,Wheels,1987-04-27
Recall,Visual systems:windshield wiper:motor,Visibility,1987-02-19
Recall,Steering:linkages:arm:idler and attachment,Steering,1987-02-19
Recall,Steering:linkages:rod:relay:connecting,Steering,1987-02-09
Recall,Fuel:fuel pump,"Fuel System, Gasoline",1988-12-19
Recall,Lighting:general or unknown component:side marker,N/A,1988-12-12
Recall,Fuel:fuel tank assembly:attachments,"Fuel System, Gasoline",1988-11-18
Recall,Fuel:fuel tank assembly:attachments,"Fuel System, Gasoline",1988-10-18
Recall,Visual systems:glass:window:rear-view backlight,Visibility,1988-09-02
Recall,Interior systems:seat track anchors and seats,N/A,1988-09-02
Recall,Engine cooling system:hoses,Engine And Engine Cooling,1988-08-09
Recall,Electrical system:wiring,Electrical System,1988-07-22
Recall,Electrical system:wiring:harness:front:underhood,Electrical System,1988-07-19
Recall,Power train:transmission:automatic:lever and linka,Power Train,1988-06-27
Recall,Electrical system:wiring:other part,Electrical System,1988-06-06
Recall,Power train:transmission:automatic:lever and linka,Power Train,1988-05-20
Recall,Steering:power:gear box,Steering,1988-05-10
Recall,Power train:axle assembly:shaft axle,Power Train,1988-03-15
Recall,Suspension:single axle:rear:torsion bar,Suspension,1988-03-11
Recall,Interior systems:seat and shoulder belts and belt,N/A,1988-03-08
Recall,Interior systems:active restraints:belt retractors,Seat Belts,1988-03-08
Recall,Fuel:throttle linkages and control,N/A,1988-03-01
Recall,Suspension,N/A,1988-02-09
Recall,Fuel:throttle linkages and control,N/A,1989-12-22
Large Recall,Interior systems:active seat and shoulder belts an,Seat Belts,1989-12-18
Recall,Brakes:hydraulic:master cylinder:pistons:cups:spri,"Service Brakes, Hydraulic",1989-12-11
Recall,Equipment:tire reserve load label (glove compartme,Equipment,1989-11-21
Recall,Steering:column coupling,Steering,1989-11-07
Large Recall,Interior systems:tracks and anchors:front seat:man,N/A,1989-10-13
Recall,Lighting:switch:button:ring:head lights,Exterior Lighting,1989-10-13
Recall,Visual systems:glass:windshield,Visibility,1989-10-13
Recall,Heater:water:defroster:defogger:hose,Visibility,1989-10-01
Recall,Fuel:throttle linkages:accelerator:rigid,Vehicle Speed Control,1989-09-25
Recall,Heater:water:defroster:defogger:hose,Visibility,1989-08-15
Recall,Fuel:fuel tank:auxillary selector and switch,"Fuel System, Gasoline",1989-08-15
Recall,Fuel:fuel tank:auxillary,"Fuel System, Gasoline",1989-07-14
Recall,Suspension:independent front:bearing wheel,Suspension,1989-07-05
Recall,Brakes:low air pressure warning devices,"Service Brakes, Air",1989-06-19
Large Recall,Engine:gaskets,Engine And Engine Cooling,1989-06-12
Recall,Interior systems:active restraints:belt retractors,Seat Belts,1989-05-22
Recall,Suspension:single axle:rear:spring:coil and attach,Suspension,1989-05-19
Large Recall,Brakes:caliper,"Service Brakes, Air",1989-05-19
Recall,Fuel:fuel lines:metallic,"Fuel System, Gasoline",1989-04-04
Recall,Interior systems:active restraints:belt retractors,Seat Belts,1989-03-27
Recall,Steering:linkages:other,Steering,1989-01-24
Recall,Brakes:hydraulic:pedals and linkages,"Service Brakes, Hydraulic",1990-11-09
Large Recall,Interior systems:passive restraint:air bag:driver,Air Bags,1990-10-30
Recall,Wheels:disc:spider,Wheels,1990-08-28
Recall,Fuel:fuel system other parts,"Fuel System, Gasoline",1990-08-21
Recall,Interior systems:seat latch,Seats,1990-08-06
Recall,Brakes:air systems:pedals:linkages and valves,"Service Brakes, Air",1990-06-25
Large Recall,Power train:transmission:automatic:indicator:lever,Power Train,1990-06-01
Recall,Brakes:hydraulic:master cylinder,"Service Brakes, Hydraulic",1990-05-24
Recall,Visual systems:sun roof hinges (8/82),Visibility,1990-05-21
Recall,Brakes:hydraulic:hydroboost unit,"Service Brakes, Hydraulic",1990-05-21
Recall,Fuel:throttle linkages and control:pedal,Vehicle Speed Control,1990-04-17
Recall,Interior systems:restraint:belt warning system:lig,Seat Belts,1990-03-08
Recall,Fuel:throttle linkages and control,N/A,1990-03-01
Recall,Electrical system:battery:cable,Electrical System,1990-02-12
Recall,Fuel:fuel tank assembly:pipe:filler:neck,"Fuel System, Gasoline",1990-02-08
Recall,Steering:column coupling,Steering,1990-01-22
Large Recall,Power train:transmission:automatic,Power Train,1991-11-04
Recall,Structure:hood assembly:latches,Latches/locks/linkages,1991-09-10
Recall,Structure:hatchback support rod (also 13640000),Structure,1991-09-04
Large Recall,Fuel:fuel tank:auxillary selector and switch,"Fuel System, Gasoline",1991-09-04
Large Recall,Structure:hatchback hydraulic cylinder:trunk cylin,Structure,1991-08-19
Large Recall,Brakes:hydraulic:disc:rotor:disc hub,"Service Brakes, Hydraulic",1991-08-06
Recall,Steering:gear box,Steering,1991-07-16
Large Recall,Visual systems:windshield wiper:motor,Visibility,1991-05-06
Recall,Fuel:throttle linkages and control:cam:fast idle,N/A,1991-05-01
Recall,Power train:transmission:automatic,Power Train,1991-03-18
Large Recall,Interior systems:seats,N/A,1991-03-04
Large Recall,Structure:bumper assembly:attachments/support bars,Structure,1991-02-12
Recall,Fuel:fuel tank assembly:tank,"Fuel System, Gasoline",1991-02-11
Recall,Fuel:fuel tank assembly:tank,"Fuel System, Gasoline",1991-02-11
Recall,Fuel:fuel lines fittings and pump,"Fuel System, Gasoline",1991-01-08
Recall,Power train:transmission:automatic:cooling unit an,Power Train,1991-01-08
Recall,Interior systems:restraint:belt anchor and attachm,Seat Belts,1991-01-01
Recall,Fuel:fuel lines:hoses:non-metallic,"Fuel System, Gasoline",1992-12-02
Recall,Interior systems:active restraints:belt retractors,Seat Belts,1992-11-18
Recall,Wheels,N/A,1992-11-10
Recall,Brakes:hydraulic:master cylinder,"Service Brakes, Hydraulic",1992-09-21
Recall,Interior systems:passive restraint:belts,N/A,1992-09-21
Recall,Equipment:tire reserve load label (glove compartme,Equipment,1992-08-24
Recall,Fuel:fuel systems,N/A,1992-08-19
Large Recall,Interior systems:active restraints:belt buckles,Seat Belts,1992-08-17
Recall,Engine,Engine And Engine Cooling,1992-08-04
Recall,Lighting:switch:button:ring:brake lights,Exterior Lighting,1992-07-13
Recall,Interior systems:passive restraint:air bag,N/A,1992-06-02
Recall,Brakes:hydraulic:lines:metallic,"Service Brakes, Hydraulic",1992-05-19
Large Recall,Structure:wheel well spare cover (8/82),N/A,1992-05-11
Large Recall,Interior systems:active seat and shoulder belts an,Seat Belts,1992-04-29
Large Recall,Brakes:hydraulic:shoe and drum system:linings,"Service Brakes, Hydraulic",1992-03-03
Recall,Interior systems:instrument panel:gauge:indicator:,N/A,1992-02-19
Large Recall,Structure:door assembly:latches and locks,Structure,1992-01-14
Recall,Interior systems:tracks and anchors:front seat:pow,Seats,1993-11-23
Recall,Emergency parking brake:mechanical,Parking Brake,1993-11-23
Recall,Interior systems:passive restraint:air bag,N/A,1993-11-10
Recall,Power train:transmission:automatic:cooling unit an,Power Train,1993-11-05
Recall,Interior systems:passive restraint:air bag:passeng,Air Bags,1993-10-15
Recall,Fuel:fuel injection system,"Fuel System, Gasoline",1993-09-27
Recall,Fuel:throttle linkages and control return spring,Vehicle Speed Control,1993-09-27
Recall,Interior systems:passive restraint:air bag,N/A,1993-09-24
Recall,Brakes:hydraulic:fittings:metallic,"Service Brakes, Hydraulic",1993-09-13
Large Recall,Fuel:fuel tank assembly,"Fuel System, Gasoline",1993-08-02
Large Recall,Structure:frame:members and body,Structure,1993-06-23
Recall,Fuel:fuel systems,N/A,1993-06-08
Recall,Power train:transfer case (4-wheel drive),Power Train,1993-05-17
Recall,Suspension:single axle:rear:shock absorber,Suspension,1993-04-27
Recall,Electrical system:ignition:anti-theft,Electrical System,1993-04-15
Recall,Structure:hatchback support rod (also 13640000),Structure,1993-04-13
Recall,Brakes:hydraulic:anti-skid system,"Service Brakes, Hydraulic",1993-01-04
Recall,Steering:linkages:link:drag:connection,Steering,1994-12-12
Recall,Equipment:carrier:spare tire,Equipment,1994-12-01
Recall,Brakes:hydraulic:anti-skid control mode solenoid s,"Service Brakes, Hydraulic",1994-11-28
Recall,Interior systems:passive restraint:air bag:driver,Air Bags,1994-11-10
Recall,Electrical system:wiring:harness:front:underhood,Electrical System,1994-11-04
Large Recall,Electrical system:alternator:regulator:starter,Electrical System,1994-11-04
Recall,Fuel:fuel tank assembly:pipe:filler:neck,"Fuel System, Gasoline",1994-10-18
Recall,Brakes:hydraulic:pedals and linkages,"Service Brakes, Hydraulic",1994-10-11
Recall,Interior systems:passive restraint:air bag:passeng,Air Bags,1994-10-11
Recall,Fuel:fuel lines fittings and pump,"Fuel System, Gasoline",1994-10-04
Recall,Fuel:fuel tank assembly:pipe:filler:neck,"Fuel System, Gasoline",1994-09-29
Recall,Electrical system:battery,Electrical System,1994-09-13
Large Recall,Emergency parking brake:mechanical,Parking Brake,1994-09-07
Recall,Fuel:fuel tank assembly,"Fuel System, Gasoline",1994-08-15
Large Recall,Brakes:hydraulic system,"Service Brakes, Hydraulic",1994-08-09
Recall,Equipment:certification label,Equipment,1994-08-01
Recall,Visual systems:glass:windshield,Visibility,1994-08-01
Recall,Brakes:hydraulic:pedals and linkages,"Service Brakes, Hydraulic",1994-07-12
Recall,Steering:gear:rack and pinion,Steering,1994-06-27
Recall,Fuel:fuel lines:hoses:non-metallic,"Fuel System, Gasoline",1994-06-13
Recall,Electrical system:ignition:electronic control unit,Electrical System,1994-05-25
Recall,Interior systems:tracks and anchors:front seat:man,N/A,1994-03-26
Recall,Electrical system:battery,Electrical System,1994-03-26
Recall,Fuel:fuel lines:metallic,"Fuel System, Gasoline",1994-02-23
Large Recall,Structure:bumper assembly,Structure,1994-01-02
Large Recall,Fuel:fuel tank assembly:pipe:filler:neck,"Fuel System, Gasoline",1995-12-05
Recall,Fuel:throttle linkages and control,N/A,1995-12-05
Large Recall,Interior systems:restraint:belt anchor and attachm,Seat Belts,1995-12-04
Recall,Heater:defroster:defogger and ventilation,Visibility,1995-11-21
Recall,Suspension:independent front control arm:upper,Suspension,1995-10-11
Recall,Electrical system:fuse and recepticle:circuit brea,Electrical System,1995-10-02
Large Recall,Structure:hatchback hydraulic cylinder:trunk cylin,Structure,1995-08-25
Recall,Structure:hood assembly:latches,Latches/locks/linkages,1995-08-07
Recall,Fuel:throttle linkages and control,N/A,1995-08-02
Recall,Steering:linkages:tie rod:end,Steering,1995-07-17
Large Recall,Interior systems:active restraints:belt buckles,Seat Belts,1995-06-27
Recall,Brakes:air dryer,"Service Brakes, Air",1995-06-13
Large Recall,Structure:hood assembly:latches,Latches/locks/linkages,1995-05-16
Recall,Fuel:throttle linkages and control,N/A,1995-05-12
Recall,Electrical system:wiring:other part,Electrical System,1995-05-09
Recall,Interior systems:seat:material,N/A,1995-03-27
Recall,Fuel:fuel tank assembly:pipe:filler:neck,"Fuel System, Gasoline",1995-03-27
Recall,Emergency parking brake:mechanical:linkages and ca,Parking Brake,1995-03-22
Recall,Brakes:hydraulic:lines:metallic,"Service Brakes, Hydraulic",1995-03-15
Recall,Steering:linkages:tie rod:inner,Steering,1995-03-15
Recall,Equipment:certification label,Equipment,1995-02-28
Recall,Interior systems:passive restraint:air bag:passeng,Air Bags,1995-02-24
Recall,Visual systems:glass:window:door and side,Visibility,1995-01-24
Large Recall,Ford/seat belt anchorage,Seat Belts,1996-12-27
Recall,Ford/throttle icing,N/A,1996-12-18
Recall,Ford/rear axle,Suspension,1996-12-18
Recall,Ford/driver air bag,Air Bags,1996-11-12
Recall,Ford/fmvss 105,Parking Brake,1996-10-28
Recall,Ford/fuel tank assembly,"Fuel System, Gasoline",1996-10-17
Recall,"Ford/fmvss 121, air brakes","Service Brakes, Air",1996-10-15
Recall,Ford/battery cable harness,Electrical System,1996-10-02
Recall,Ford/master cylinder retainer clip,"Service Brakes, Hydraulic",1996-09-25
Large Recall,Ford/auto transmission park pawl,Power Train,1996-09-18
Recall,Ford/battery cable,Electrical System,1996-09-18
Large Recall,Ford/automatic shoulder belt,Seat Belts,1996-09-06
Large Recall,Ford/automatic shoulder belt,Seat Belts,1996-09-06
Recall,Ford/auto transmission,Power Train,1996-09-05
Large Recall,Ford/equipment; certification label,Equipment,1996-08-29
Recall,Ford/fuel; fuel injection; regulator,"Fuel System, Gasoline",1996-08-12
Recall,Ford/structure; frame; members and body,Structure,1996-08-01
Recall,Ford/steering:linkages:arm:pitman,Steering,1996-07-18
Recall,Ford/interior systems:seat tracks and anchors,N/A,1996-07-01
Recall,Ford/interior systems:seat belts:lap:rear,Seat Belts,1996-06-24
Recall,Ford/interior systems:bench,N/A,1996-06-03
Recall,Ford/interior systems:passive restraint:air bag,N/A,1996-06-03
Large Recall,Ford/front accessory drive belt,Engine And Engine Cooling,1996-05-28
Recall,Ford/power train: transmission,Power Train,1996-05-14
Large Recall,Ford/electrical system:ignition,Electrical System,1996-04-25
Recall,Ford/structure:door assembly:latches and locks,Latches/locks/linkages,1996-04-22
Recall,Ford/interior systems:tracks and anchors:front,N/A,1996-04-16
Recall,Ford/brakes:hydraulic:lines:hose:non-metallic,"Service Brakes, Hydraulic",1996-03-13
Recall,Ford/interior systems:restraint,Seat Belts,1996-03-05
Large Recall,Ford/brakes:power assist:primary:booster,"Service Brakes, Hydraulic",1996-02-05
Large Recall,Ford/structure:hatchback hydraulic cylinder,Structure,1996-01-31
Recall,Ford/brakes:hydraulic:switch:brake warning,"Service Brakes, Hydraulic",1996-01-25
Recall,Ford/lighting and communications systems,N/A,1996-01-23
Recall,Ford/air conditioner:climate control module,Equipment,1996-01-16
Large Recall,Ford/sunroof label,Structure,1997-12-18
Recall,Ford/throttle cable,Vehicle Speed Control,1997-12-08
Recall,Ford/fmvss 114,Electrical System,1997-11-24
Recall,Ford/fuel rails,"Fuel System, Gasoline",1997-11-24
Recall,Ford/cng solenoid valve,"Fuel System, Other",1997-11-17
Recall,Ford/transfer case/driveshaft,Power Train,1997-11-13
Recall,Ford/exhaust gas leak,Engine And Engine Cooling,1997-11-13
Recall,Ford/automotive battery,Electrical System,1997-10-29
Recall,Ford/tires,Tires,1997-10-29
Recall,Ford/fuel lines,"Fuel System, Gasoline",1997-10-28
Large Recall,Ford/hoods,Structure,1997-10-20
Large Recall,Ford/auto transmission cable assembly,Power Train,1997-10-07
Recall,Ford/seat belt buckle assemblies,Seat Belts,1997-10-07
Large Recall,Ford/seat belt buckles,Seat Belts,1997-10-07
Recall,Ford/steering gear,Steering,1997-09-30
Large Recall,Ford/fuel line leakage,"Fuel System, Gasoline",1997-09-22
Recall,Ford/transmission shift cable,Power Train,1997-09-09
Recall,Ford/air brake reservoir,"Service Brakes, Air",1997-09-09
Recall,Ford/fuel tank,"Fuel System, Gasoline",1997-09-03
Recall,Ford/fuel tank,"Fuel System, Gasoline",1997-09-03
Recall,Ford/liftgate bracket welds,Structure,1997-08-19
Recall,Ford/accelerator return springs,Vehicle Speed Control,1997-08-04
Recall,Ford/engine harness/battery cable,Electrical System,1997-07-14
Recall,Ford/auto transmission,Power Train,1997-06-09
Recall,Ford/auto transmission shift linkage,Power Train,1997-05-28
Large Recall,Ford/remote power mirror switch,Visibility,1997-05-05
Recall,Ford/throttle,N/A,1997-04-30
Recall,Ford/integrated child seat,N/A,1997-04-01
Recall,Ford/fmvss 101,"Fuel System, Gasoline",1997-03-20
Large Recall,Ford/hood latch,Latches/locks/linkages,1997-03-04
Large Recall,Ford/throttle control,N/A,1997-02-26
Recall,Ford/engine cooling fan,Engine And Engine Cooling,1997-02-25
Large Recall,Ford/lower control arm,Suspension,1998-12-16
Large Recall,Ford/subframe corrosion,Structure,1998-12-16
Recall,Ford/fuel line assembly,"Fuel System, Gasoline",1998-12-07
Recall,Ford/accuride/aluminum dual wheels,Wheels,1998-12-07
Recall,Ford/accelerator cable,N/A,1998-12-02
Recall,Ford/tow hooks/air bag deployment,Air Bags,1998-12-01
Recall,Ford/brakes,"Service Brakes, Hydraulic",1998-11-17
Recall,Ford/transmission oil cooler line,Power Train,1998-11-09
Recall,Ford/timing belt,Engine And Engine Cooling,1998-11-03
Recall,Ford/fuel hose,"Fuel System, Gasoline",1998-10-27
Recall,Ford/speedometer gear,Power Train,1998-10-14
Recall,Ford/drive shaft damage,Power Train,1998-09-24
Large Recall,Ford/shift lever damage,Power Train,1998-09-18
Recall,Ford/fuel injection o-ring seal,"Fuel System, Gasoline",1998-09-01
Recall,Ford/dash insulator clip,N/A,1998-09-01
Recall,Ford/seat belt buckle attachment,Seat Belts,1998-08-25
Recall,Ford/speed control cable,Vehicle Speed Control,1998-08-24
Recall,Ford/fuel pressure o-ring,"Fuel System, Gasoline",1998-08-19
Recall,Ford/rear lamp socket,Exterior Lighting,1998-08-17
Large Recall,Ford/fuel tank cracks,"Fuel System, Gasoline",1998-08-11
Large Recall,Ford/brake caliper anchors,"Service Brakes, Hydraulic",1998-07-30
Recall,Ford/air bag control switch,Air Bags,1998-07-28
Large Recall,Ford/rear leaf springs,"Fuel System, Gasoline",1998-07-15
Large Recall,Ford/front coil springs,Suspension,1998-06-24
Recall,Ford/lower steering column,Steering,1998-05-29
Recall,Ford/park brake rotor and lining,N/A,1998-05-15
Large Recall,Ford/lug nuts,Wheels,1998-05-13
Large Recall,Ford/front coil springs,Suspension,1998-05-06
Recall,Ford/battery heater,Electrical System,1998-04-21
Large Recall,Ford/brake line wear,"Service Brakes, Hydraulic",1998-04-07
Recall,Ford/accelerator cable,Vehicle Speed Control,1998-04-01
Recall,Ford/fuel tanks,"Fuel System, Gasoline",1998-03-25
Recall,Ford/fmvss 118,Visibility,1998-03-23
Large Recall,Ford/jump starting,"Fuel System, Gasoline",1998-03-19
Recall,Ford/brake cable/fuel line,"Fuel System, Gasoline",1998-03-19
Recall,Ford/battery cable,Electrical System,1998-03-12
Recall,Ford/incorrect jack,Equipment,1998-03-10
Recall,Ford/front wheel bearing,Suspension,1998-02-24
Large Recall,Ford/fmvss 108,Exterior Lighting,1998-02-10
Recall,Ford/fmvss 120,Equipment,1998-02-02
Recall,Ford/throttle icing,Vehicle Speed Control,1998-01-21
Large Recall,Ford/headlight circuit breaker,Exterior Lighting,1998-01-21
Recall,Ford/label,Equipment,1999-12-29
Recall,Ford/tail lamp sockets,Exterior Lighting,1999-12-10
Recall,Ford/cruise control,N/A,1999-12-03
Large Recall,Ford/fmvss 301,"Fuel System, Gasoline",1999-11-04
Large Recall,Ford/hydraulic lift cylinders,Structure,1999-11-03
Recall,Ford/fuel tank cracks,"Fuel System, Gasoline",1999-11-02
Large Recall,Ford/headlights,Exterior Lighting,1999-10-12
Recall,Ford/fmvss 102/shift lever pattern,Power Train,1999-10-12
Recall,Ford/fmvss 105/park brake warning lamp,N/A,1999-09-27
Recall,Ford/seat belt retractor,Seat Belts,1999-09-20
Recall,Ford/accelerator cable core wire,N/A,1999-09-20
Recall,Ford/fuel vent hose,"Fuel System, Gasoline",1999-09-13
Large Recall,Ford/air bag sensor assembly,Air Bags,1999-09-08
Recall,Ford/door latch,Latches/locks/linkages,1999-08-18
Large Recall,Ford/fmvss 301,"Fuel System, Gasoline",1999-08-12
Recall,Ford/fuel tank straps,"Fuel System, Gasoline",1999-08-03
Recall,Ford/transaxle,Power Train,1999-07-28
Large Recall,Ford/throttle cable,N/A,1999-07-20
Large Recall,Ford/secondary hood latch,Latches/locks/linkages,1999-06-29
Large Recall,Ford/fmvss 135/warning statement,"Service Brakes, Hydraulic",1999-06-14
Recall,Ford/overhead console bracket,Structure,1999-06-02
Large Recall,Ford/speed control switch,N/A,1999-05-19
Recall,Ford/brake line,"Service Brakes, Hydraulic",1999-05-18
Large Recall,Ford/headlight switch/wiring harness,Exterior Lighting,1999-05-05
Recall,Ford/wheel lug nuts,Wheels,1999-04-29
Recall,Ford/transfer case/driveshaft,Power Train,1999-04-28
Large Recall,Ford/fmvss 301,"Fuel System, Gasoline",1999-04-27
Large Recall,Ford/fmvss 301,"Fuel System, Gasoline",1999-04-27
Recall,Ford/seat lubrication,N/A,1999-03-30
Large Recall,Ford/cruise/speed control cable,N/A,1999-03-30
Recall,Ford/fmvss 114,Electrical System,1999-03-17
Recall,Ford/cargo door hinges,Latches/locks/linkages,1999-03-15
Recall,Ford/air brake system,N/A,1999-03-15
Recall,Ford/fmvss 120,Equipment,1999-03-01
Recall,Ford/fuel pump/wiring harness,Electrical System,1999-02-09
Large Recall,Ford/ignition switch electrical short,Electrical System,1999-02-09
Large Recall,Ford/fuel leakage,"Fuel System, Gasoline",2000-12-29
Large Recall,Ford/throttle,N/A,2000-12-27
Recall,Ford/accelerator cable,Vehicle Speed Control,2000-12-26
Recall,Ford/seat hinge,Seats,2000-12-14
Recall,Ford/fmvss 109/110/limousine,N/A,2000-12-12
Recall,Ford/wire harness,Electrical System,2000-12-06
Recall,Ford/restraint control module,Air Bags,2000-12-06
Large Recall,Ford/powertrain control module,Power Train,2000-11-28
Large Recall,Ford/hood,Structure,2000-11-28
Large Recall,Ford/fmvss 225/child restraint anchor,Equipment,2000-11-28
Recall,Ford/steering,Steering,2000-11-28
Large Recall,Ford/sway bar,N/A,2000-11-28
Recall,Ford/windshield wiper,Visibility,2000-11-27
Recall,Ford/fmvss 209/seat belts,Seat Belts,2000-11-13
Recall,Ford/fmvss 209/seat belts,Seat Belts,2000-11-09
Large Recall,Ford/engine cooling fan,N/A,2000-11-06
Recall,Ford/fmvss 103/coolant blockage,Visibility,2000-11-03
Recall,Ford/front lower ball joints,Suspension,2000-11-03
Recall,Ford/seat belt retractor,Seat Belts,2000-10-30
Large Recall,Ford/parking brake pawl,Parking Brake,2000-10-30
Recall,Ford/fuel tank filler pipe grommet,"Fuel System, Other",2000-10-30
Large Recall,Ford/fmvss 118/accessory position,Electrical System,2000-10-30
Recall,Ford/seat belt buckle cover,Seat Belts,2000-10-26
Recall,Ford/fmvss 121/incorrect air line installation,N/A,2000-10-19
Recall,Ford/certification,Equipment,2000-10-17
Recall,Ford/speed control cable,Vehicle Speed Control,2000-10-12
Large Recall,Ford/rear wheel hub nuts,Wheels,2000-10-12
Recall,Ford/steering gear,Steering,2000-10-10
Recall,Ford/fmvss 225/child seat anchorage,N/A,2000-10-04
Recall,Ford/fmvss 303/label,Equipment,2000-09-21
Recall,Ford/abs ecu,"Service Brakes, Air",2000-09-21
Recall,Ford/fuel line o-ring,"Fuel System, Gasoline",2000-09-18
Recall,Ford/air bag deployment,N/A,2000-09-13
Recall,Ford/incorrect rear hubs,Wheels,2000-09-12
Recall,Ford/brake pedal position switch wiring,Exterior Lighting,2000-09-06
Recall,Ford/child safety seat anchor latch,Seat Belts,2000-08-24
Large Recall,Ford/fmvss 110/certification label,Equipment,2000-08-24
Large Recall,Ford/fmvss 209/trw seat belt buckles,N/A,2000-08-18
Recall,Ford/allison transmission,Power Train,2000-08-18
Large Recall,Ford/fuel line assembly,"Fuel System, Gasoline",2000-08-17
Large Recall,Ford/fmvss 201,Structure,2000-08-11
Recall,Ford/speed control cable,N/A,2000-08-09
Recall,Ford/steering wheel,Steering,2000-08-08
Large Recall,Ford/jacking instructions,Equipment,2000-07-18
Recall,Ford/side air bags,Air Bags,2000-07-05
Recall,Ford/fuel line fittings,"Fuel System, Gasoline",2000-06-19
Recall,Ford/fmvss 108/daytime running lights,N/A,2000-06-19
Recall,Ford/brake pedal/master cylinder clip,"Service Brakes, Hydraulic",2000-06-19
Recall,Ford/fmvss 209/seat belt assemblies,Seat Belts,2000-06-12
Recall,Ford/fmvss 209/seat belt assemblies,Seat Belts,2000-06-12
Recall,Ford/windshield wiper control modules,Visibility,2000-05-17
Recall,Ford/lug nuts,Wheels,2000-04-19
Recall,Ford/fmvss 103/water pump inlet tube,Engine And Engine Cooling,2000-03-28
Recall,Ford/rear seat belt retractor bolts,Seat Belts,2000-03-20
Large Recall,Ford/rear brake valve,"Service Brakes, Hydraulic",2000-03-09
Large Recall,Ford/electronic functions,Electrical System,2000-03-07
Large Recall,Ford/trailer hitch assembly,N/A,2000-03-07
Recall,Ford/aftermarket trailer hitch bolts,N/A,2000-03-07
Recall,Ford/air bag module,Air Bags,2000-02-17
Recall,Ford/glass retention,Visibility,2000-01-31
Large Recall,Ford/engine cooling fan bearing,Engine And Engine Cooling,2001-12-21
Large Recall,Ford/engine cooling fan,Engine And Engine Cooling,2001-12-21
Large Recall,Ford/rear wheel bearings,Wheels,2001-11-29
Recall,Ford/suspension mounting bracket,Suspension,2001-10-17
Recall,Ford/autoliv/airbag inflators,Air Bags,2001-10-03
Large Recall,Ford/windshield wiper motor cover,Visibility,2001-08-15
Large Recall,Ford/auxiliary a/c blower motor wiring,Equipment,2001-08-15
Large Recall,Ford/front coil spring corrosion,Suspension,2001-08-08
Large Recall,Ford/front coil springs,Suspension,2001-08-08
Large Recall,Ford/windshield wiper motor cover,Visibility,2001-08-08
Large Recall,Ford/fuel cross flow,N/A,2001-07-19
Large Recall,Ford/trw seat belt buckles,Seat Belts,2001-07-16
Large Recall,Ford/front coil springs,Suspension,2001-07-12
Large Recall,Ford/heater blower resistor,N/A,2001-07-09
Large Recall,Ford/heater blower resistor,Visibility,2001-07-09
Recall,Ford/adjustable accelerator pedal/floor mat,Vehicle Speed Control,2001-06-22
Large Recall,Ford/front coil spring corrosion,Suspension,2001-06-18
Recall,Ford/tire,Tires,2001-05-24
Recall,Ford/trw steering systems/drag link,Steering,2001-05-11
Recall,Ford/seat belt buckles,Seat Belts,2001-04-27
Recall,Ford/ball joint assembly,Suspension,2001-04-11
Recall,Ford/liftgate glass bracket,Visibility,2001-04-10
Large Recall,Ford/fuel tank cracks,"Fuel System, Gasoline",2001-04-05
Recall,Ford/seat back recliner handle,Seats,2001-03-28
Recall,Ford/fuel filler pipe electrical grounding,"Fuel System, Gasoline",2001-03-27
Recall,Ford/front brake hose,"Service Brakes, Hydraulic",2001-03-23
Recall,Ford/headlamp switch,Exterior Lighting,2001-03-12
Large Recall,Ford/foot pedal grease/stop lamps,Exterior Lighting,2001-03-12
Recall,Ford/air bag module,Air Bags,2001-03-12
Recall,Ford/fmvss 108/stop lamps,Exterior Lighting,2001-02-28
Recall,Ford/transaxle attaching bolts,Power Train,2001-02-26
Recall,Ford/power brake booster/master cylinder,"Service Brakes, Hydraulic",2001-02-14
Large Recall,Ford/truck tires,Tires,2001-02-14
Large Recall,Ford/battery cable routing,Electrical System,2001-02-06
Recall,Ford/brake lamp switch,Exterior Lighting,2001-02-06
Large Recall,Ford/fuel tank vent hose,"Fuel System, Gasoline",2001-01-02
Large Recall,Ford/integrated air bag monitor contamination,Air Bags,2002-12-09
Recall,Ford/transmission shift cable,Power Train,2002-11-21
Large Recall,Ford/battery cables,Electrical System,2002-11-06
Large Recall,Ford/steering pinch bolts,Steering,2002-11-06
Large Recall,Ford/fuel tank/police vehicles,"Fuel System, Gasoline",2002-10-15
Large Recall,Ford/brake and accelerator pedal distance,"Service Brakes, Hydraulic",2002-10-02
Recall,Ford/fmvss 120/label,Equipment,2002-09-09
Recall,Ford/natural gas fuel tank,"Fuel System, Other",2002-09-06
Recall,Ford/driver's seat belt,Seat Belts,2002-06-14
Recall,Ford/speed control cable,Vehicle Speed Control,2002-04-18
Large Recall,Ford/brake lines,"Service Brakes, Hydraulic",2002-04-04
Recall,Ford/parking brake cable button,Parking Brake,2002-03-11
Large Recall,Ford/trailer-tow connector,N/A,2002-03-11
Recall,Ford/electric vehicles/brake master cylinder,"Service Brakes, Hydraulic",2002-03-11
Recall,Ford/rear axle differential case,Power Train,2002-02-04
Recall,Ford/fmvss 121/air brake lines,"Service Brakes, Air",2002-01-18
Recall,Ford/fmvss 120/label,Equipment,2002-01-08
Large Recall,Ford/seat belt buckle cover,Seat Belts,2003-12-05
Large Recall,Ford/stalling,N/A,2003-11-19
Recall,Ford/natural gas fuel tank,"Fuel System, Other",2003-11-06
Large Recall,Ford/fmvss 225/floor to seat latch,Seats,2003-11-06
Recall,Ford/power steering line,Steering,2003-11-06
Recall,Ford/pitman arm to steering gear retaining nut,Steering,2003-09-22
Recall,Ford/fmvss 121/air brakes,N/A,2003-08-28
Recall,Ford/fuel tank brackets,"Fuel System, Gasoline",2003-08-05
Recall,Ford/tire placard label,Equipment,2003-08-05
Recall,Steel wheels,N/A,2003-08-05
Large Recall,Ford/speed control cable,Vehicle Speed Control,2003-08-05
Large Recall,Ford/high back seats,Seats,2003-08-05
Large Recall,Ford/steering gear,Steering,2003-05-27
Recall,Ford/air bag deployment,Air Bags,2003-04-09
Recall,Ford/wheels,N/A,2003-04-07
Recall,Ford/fmvss 212/windshield mounting,Visibility,2003-03-10
Recall,Ford/control arms,Suspension,2004-12-22
Large Recall,Ford/fmvss 206/rear liftgate door,Latches/locks/linkages,2004-12-20
Recall,Ford/fmvss 120/tire label,Equipment,2004-12-20
Large Recall,Ford/accelerator cable,Vehicle Speed Control,2004-12-07
Large Recall,Ford/rear liftgate glass,Structure,2004-09-13
Recall,Ford/fuel tank,"Fuel System, Gasoline",2004-09-13
Large Recall,Ford/abs brake system,Electrical System,2004-09-13
Large Recall,Ford/air filter,N/A,2004-09-13
Recall,"Ford/hubs, rotors, wheel bearings",Wheels,2004-09-13
Recall,Ford/fuel delivery module,N/A,2004-08-30
Large Recall,Ford/front coil springs,Suspension,2004-07-15
Recall,Ford/frame,Structure,2004-07-14
Recall,Ford/power adjustable seat,Seats,2004-07-08
Recall,Ford/battery terminal to engine block connection,Electrical System,2004-07-07
Recall,Ford/rear axle shaft fracture,Suspension,2004-07-07
Recall,Ford/fmvss 120/incorrect tires,N/A,2004-05-17
Recall,Ford/certification label,Equipment,2004-05-13
Recall,Ford/fuel tank leak,"Fuel System, Gasoline",2004-04-26
Large Recall,Ford/engine stalling,Power Train,2004-04-06
Large Recall,Ford/air filter paper/fire,N/A,2004-03-02
Large Recall,Ford/brake light switch,Exterior Lighting,2004-03-02
Large Recall,Fuel tank strap breakage,"Fuel System, Gasoline",2005-11-09
Recall,Positive battery cable,Electrical System,2005-11-09
Recall,Park pawl guide plate,Power Train,2005-11-09
Large Recall,Wiper motor grease,Visibility,2005-11-09
Recall,Cab entry step reinforcement,N/A,2005-11-09
Recall,Park brake anchor bolt/bosch,Parking Brake,2005-09-19
Large Recall,Speed control deactivation switch,N/A,2005-09-07
Recall,Tires,Tires,2005-07-06
Large Recall,Engine stalling,Electrical System,2005-06-10
Recall,Fuel jumper line,"Fuel System, Gasoline",2005-06-09
Large Recall,Dash outer sound insulator,Electrical System,2005-05-09
Recall,Aluminum wheels/accuride,N/A,2005-05-04
Recall,Steering gear,Steering,2005-04-06
Recall,Fuel tank,"Fuel System, Gasoline",2005-03-18
Recall,Brake line,"Service Brakes, Hydraulic",2005-03-14
Large Recall,Rear door latches,Latches/locks/linkages,2005-02-01
Large Recall,Speed control deactivation switch fires,Vehicle Speed Control,2005-01-27
Recall,Injection pressure regulator connector,Engine And Engine Cooling,2006-12-12
Recall,Windshield retention/fmvss 212,Visibility,2006-11-15
Recall,Drivetrain intermediate shaft,Power Train,2006-10-05
Large Recall,Door latch mechanisms,Latches/locks/linkages,2006-10-05
Large Recall,Speed control deactivation switch/supplement,N/A,2006-08-01
Recall,High back seats,Seats,2006-04-10
Recall,Cellular hands-free phone option/fmvss 208,Electrical System,2006-04-10
Recall,Accelerator pedal shield,Vehicle Speed Control,2006-04-07
Large Recall,Fmvss 201/upper interior head impact,Seats,2006-04-07
Recall,Power liftgates,Structure,2006-03-09
Large Recall,Instrument cluster software/fmvss 135,N/A,2006-02-06
Large Recall,Camshaft position sensor,Engine And Engine Cooling,2007-12-05
Recall,Driver air bag/fmvss 208,Air Bags,2007-11-21
Recall,Fuel pump failure turbocharger/caterpillar,Engine And Engine Cooling,2007-11-20
Recall,Transmission cooler line attachment bolt torque,Power Train,2007-09-26
Large Recall,Speed control deactivation switch,N/A,2007-08-03
Recall,Fuel tank,"Fuel System, Gasoline",2007-06-28
Recall,Hub assembly,Suspension,2007-06-26
Recall,Axle housing/dana,Power Train,2007-06-05
Recall,Brake line routing/fmvss 135,"Service Brakes, Hydraulic",2007-04-26
Recall,Steering gear assembly,N/A,2007-04-25
Large Recall,Abs module electrical wiring harness,"Service Brakes, Hydraulic",2007-04-10
Recall,Power train control module/exhaust system,Power Train,2007-03-26
Recall,Positive battery wire location,Electrical System,2007-03-26
Large Recall,Speed control deactivation switch/supplement,N/A,2007-03-06
Large Recall,Steel wheels,N/A,2007-03-06
Recall,Cracked fuel pump outlet plug/caterpillar,Engine And Engine Cooling,2008-08-25
Recall,Fuel tanks,"Fuel System, Gasoline",2008-07-03
Large Recall,Brake booster vacuum supply tube assembly,"Service Brakes, Hydraulic",2008-05-07
Recall,Fmvss 301/fuel tank bracket installation,"Fuel System, Gasoline",2008-04-25
Recall,Drive shaft,Power Train,2008-04-11
Recall,Fmvss 138/tire pressure,Tires,2008-04-11
Recall,Fmvss 207/driver seat back frame,N/A,2008-02-28
Large Recall,Fmvss 208/neck injury requirements,Air Bags,2008-02-25
Recall,Fuel rail,"Fuel System, Gasoline",2008-02-05
Large Recall,Side door interior door handles,Latches/locks/linkages,2008-02-05
Large Recall,Speed control deactivation switch,Vehicle Speed Control,2008-02-04
Recall,Air brake s-cam lubrication,N/A,2009-12-15
Recall,Inoperative rear lamps,N/A,2009-12-15
Large Recall,Speed control deactivation switch/overheats,N/A,2009-10-13
Recall,Brake stop lamp switch adjustment,Exterior Lighting,2009-06-24
Recall,Frame rail fuel tank guard brackets,"Fuel System, Gasoline",2009-06-23
Recall,Brake stop lamp switch adjustment/fmvss 108,Exterior Lighting,2009-05-05
Recall,Fuel tank protection bracket location,"Fuel System, Gasoline",2009-04-07
Recall,Fractured front spindle,Suspension,2009-02-03
Recall,Body control module,Structure,2010-12-29
Recall,Disabled liftgate lock/fmvss 206,Latches/locks/linkages,2010-10-27
Recall,Fuel line failure,N/A,2010-09-09
Large Recall,Rear axle cracking,Suspension,2010-08-26
Recall,Headliner/fmvss 201,Structure,2010-07-07
Recall,Park rod guide retension pin,Power Train,2010-05-24
Recall,Right hand parking brake cable retention actuator,Parking Brake,2010-05-11
Recall,Front driver & passenger seats manual recliners,Seats,2010-04-20
Recall,Tire and loading information,Tires,2010-01-29
Recall,Transmission shift lever,Power Train,2011-12-08
Large Recall,Fracture wheel studs,Wheels,2011-12-07
Recall,Fuel tank assembly,"Fuel System, Gasoline",2011-11-08
Recall,Bubbles in the windshield/decreased visibility,Visibility,2011-08-26
Large Recall,Fuel tank strap corrosion,"Fuel System, Gasoline",2011-07-29
Recall,Steering column multifunction switch/fmvss 108,Exterior Lighting,2011-07-13
Recall,Fuel tank filler,"Fuel System, Gasoline",2011-07-13
Recall,Air brakes module replacement/fmvss 121,"Service Brakes, Air",2011-05-03
Recall,Driver power seat track assembly,Seats,2011-04-20
Recall,Body control module,Electrical System,2011-02-24
Large Recall,Inadvertent driver air bag deployment,Air Bags,2011-02-23
Recall,Fuel system,"Fuel System, Gasoline",2011-02-21
Recall,Center recliner mechanism/fmvss 207,N/A,2011-02-02
Large Recall,Interior door handle spring failure,Structure,2011-02-01
Large Recall,Corrosion fractures of front lower control arm,Structure,2011-01-26
Recall,Overheat may cause fluid leaks resulting in fire,N/A,2012-12-03
Recall,Low beam headlamp/fmvss 108,Exterior Lighting,2012-11-30
Large Recall,Passenger side curtain air bag/fmvss 208,N/A,2012-10-05
Recall,Cracked fuel line/fuel leak,"Fuel System, Gasoline",2012-09-07
Recall,Cup (freeze) plug dislodging,N/A,2012-09-04
Recall,Unapproved steering gear adapter plate fastener,N/A,2012-08-29
Recall,Loose windshield wiper arm pivot pin,Visibility,2012-08-02
Large Recall,Speed control cable connector interference,N/A,2012-07-26
Do Not Drive,Engine compartment fuel line,"Fuel System, Gasoline",2012-07-18
Recall,Windshield primer,Visibility,2012-07-06
Recall,Pedal package clearance variation,"Service Brakes, Hydraulic",2012-07-06
Recall,Rear brake rotor transportation bolts,"Service Brakes, Air",2012-05-31
Recall,"""prndl"" illumination and backup lamp activation",Exterior Lighting,2012-05-03
Recall,Rear axle cracking-virginia vehicles,Power Train,2012-05-03
Recall,Corrosion fractures of front lower control arm,Suspension,2012-05-03
Recall,Rear axle cracking puerto rico,Suspension,2012-05-03
Recall,Occupant classification system,Air Bags,2012-05-03
Large Recall,Passenger side wiper motor connector,Visibility,2012-04-05
Recall,Service brakes/traction relay valve,"Service Brakes, Air",2012-03-07
Recall,2nd row head restraint support brackets/fmvss 202,Seats,2012-02-02
Recall,Prndl cable,Power Train,2012-02-02
Recall,Axles/steering arm bolts/meritor,Power Train,2012-01-12
Large Recall,Antilock brake system electrical connectors,"Service Brakes, Hydraulic",2012-01-09
Large Recall,Torque converter malfunctions,Power Train,2012-01-09
Large Recall,Engine overheating may result in fire,N/A,2013-11-25
Recall,Engine compartment fuel line may leak,"Fuel System, Gasoline",2013-11-25
Recall,Transmission can be shifted out of park/fmvss 114,Power Train,2013-11-25
Recall,Sudden loss of motive power,Power Train,2013-10-30
Recall,Ambulance engine stall,N/A,2013-10-30
Recall,No audible chime with open driver door/ fmvss 114,Electrical System,2013-10-17
Large Recall,Steering column lower bearing may separate,N/A,2013-08-29
Recall,Side lights inoperable/fmvss 108,N/A,2013-08-01
Recall,Energy absorber between the headliner/fmvss 201,N/A,2013-07-10
Recall,Child safety lock may become deactivated,N/A,2013-06-26
Large Recall,Fuel delivery module may crack and leak,N/A,2013-05-31
Recall,Electrical insulation cracking on engine heater,N/A,2013-05-31
Recall,Reduced steering control,N/A,2013-05-31
Recall,Fuel tank may leak at seam,"Fuel System, Gasoline",2013-03-27
Large Recall,Corrosion of third row seat attachment,N/A,2013-03-07
Recall,Driver side child lock may not function,N/A,2013-03-07
Recall,Passenger front air bag inflator may rupture,N/A,2014-12-12
Recall,Fuel pressure sensor may leak,N/A,2014-12-05
Recall,Plastic sliding door panel separation,Structure,2014-12-05
Recall,Key removal when not in park/fmvss 114,Power Train,2014-11-18
Large Recall,Improper airbag suppression/fmvss 208,N/A,2014-11-07
Recall,Fuel and vapor lines may abrade,"Fuel System, Gasoline",2014-11-05
Recall,Improper repair of upper intermediate shaft,Steering,2014-11-05
Recall,Fuel filter bracket mounting,"Fuel System, Gasoline",2014-11-05
Recall,"Brake lights may fail, or be slow, to illuminate",Exterior Lighting,2014-11-05
Large Recall,Fuel tank may leak due to corrosion,"Fuel System, Gasoline",2014-10-29
Recall,Passenger safety belt tension sensor/fmvss 208,N/A,2014-10-17
Large Recall,Air bags may not deploy as intended,N/A,2014-09-26
Recall,Motor electronics coolant pump failure,N/A,2014-09-03
Recall,Fuel filter shell may separate and cause stall,N/A,2014-09-02
Recall,Fuel delivery module may crack,"Fuel System, Gasoline",2014-09-02
Do Not Drive,Steering gears missing ball bearings,N/A,2014-08-22
Large Recall,Engine wiring splices may cause stall,Electrical System,2014-08-11
Recall,Rear caliper brake hoses may leak,"Service Brakes, Hydraulic",2014-08-06
Recall,Epoxy reinforcement missing from sliding doors,Structure,2014-08-06
Recall,Air bubbles in windshield/fmvss 205,Visibility,2014-08-06
Recall,Halfshaft disengagement/loss of drive/roll away,Power Train,2014-07-02
Recall,Electrical junction block short circuit,N/A,2014-07-02
Recall,Fuel tank may leak,"Fuel System, Gasoline",2014-07-02
Recall,Panorama roof glass assembly bond,Visibility,2014-07-02
Recall,Brake calipers may leak,"Service Brakes, Hydraulic",2014-07-02
Recall,Brake resevoir cap incorrect/fmvss 135,Equipment,2014-07-02
Do Not Drive,Loss of steering control,Steering,2014-06-12
Large Recall,Loss of electric power steering assist,Steering,2014-05-29
Large Recall,Water intrusion may cause license plate lamp fire,N/A,2014-05-29
Large Recall,Loss of electric power steering assist,Steering,2014-05-29
Recall,Driver side accessory floor mat may trap pedal,N/A,2014-05-29
Large Recall,Side-curtain rollover air bag deployment delay,Air Bags,2014-05-07
Large Recall,Doors may open while driving,Structure,2014-05-07
Recall,Transmission calibration error/fmvss 102,Power Train,2014-04-17
Recall,Welds on seat assemblies may fail/fmvss 207,Seats,2014-04-02
Large Recall,Lower control arm corrosion-regional recall,Structure,2014-04-02
Recall,Fuel leak from cracking in the fuel pulse damper,N/A,2014-01-06
Recall,Replacement steering gears may lock steering,N/A,2014-01-06
Recall,Rear brake hoses may chafe and leak air,"Service Brakes, Air",2015-12-22
Large Recall,Loss of headlights,Exterior Lighting,2015-12-22
Recall,Left or right rear axle shafts may fracture,Power Train,2015-12-22
Recall,"Seat belts may not be anchored/fmvss 209, 210",Seat Belts,2015-12-22
Recall,Fuel delivery module may crack and leak,N/A,2015-12-02
Recall,Engine wiring splices may cause stall,Electrical System,2015-12-02
Large Recall,Fuel tank may crack,"Fuel System, Gasoline",2015-11-24
Recall,Park pawl may fracture due to being overloaded,Power Train,2015-11-24
Recall,Brake controller may not activate trailer brakes,Electrical System,2015-10-27
Large Recall,Fuel tank may leak due to corrosion,"Fuel System, Gasoline",2015-10-27
Recall,Restraint components may be damaged/fmvss/209/225,Child Seat,2015-10-26
Recall,Fuel tank may crack in a crash/fmvss 301,"Fuel System, Gasoline",2015-10-01
Recall,Transmission can shift without pressing brake,Power Train,2015-09-30
Recall,Unexpected braking using adaptive cruise control,Forward Collision Avoidance,2015-09-30
Recall,Rebuilt transmission shift lever may disengage,Power Train,2015-09-29
Large Recall,Axle recall remedy may been performed improperly,Suspension,2015-09-29
Recall,Fuel tank mounting bolts may be loose,"Fuel System, Gasoline",2015-09-28
Recall,Passenger seat belt anchorage/fmvss 210,Seat Belts,2015-08-20
Recall,Second row seat not installed/fmvss 225,Child Seat,2015-07-29
Recall,Parking brake may not fully engage/fmvss 135,N/A,2015-07-24
Large Recall,Engine may continue to run/fmvss 114,Electrical System,2015-07-08
Recall,Incorrect seat belt label/fmvss 209,N/A,2015-06-24
Large Recall,Instrument cluster may be inoperative/fmvss 101,Electrical System,2015-06-24
Recall,Fuel tank or vapor lines may degrade from heat,"Fuel System, Gasoline",2015-06-02
Large Recall,Loss of electric power steering assist,Steering,2015-06-02
Do Not Drive,Driver side frontal air bag may rupture,Air Bags,2015-05-28
Large Recall,Passenger front air bag inflator may rupture,Air Bags,2015-05-28
Recall,Steering intermediate shaft may separate,N/A,2015-05-12
Large Recall,Loss of power steering assist from salt corrosion,Steering,2015-04-28
Recall,Loose or missing underbody heat shields,Structure,2015-04-28
Recall,Park lamps too bright with headlights on/fmvss 108,Exterior Lighting,2015-04-27
Large Recall,Doors may unexpectedly open,Latches/locks/linkages,2015-04-24
Recall,Engine shutdown in emergency vehicles,Power Train,2015-03-25
Large Recall,Interior door handle return spring may unseat,Structure,2015-03-24
Recall,Vacuum pump relay may overheat,N/A,2015-03-24
Recall,Improper fit of replacement steering gears,N/A,2015-03-03
Recall,Improper torque of seat belt bolts,Seat Belts,2015-01-30
Large Recall,Interior door handle return spring may unseat,Structure,2015-01-28
Recall,Improper plating on fuel pump may result in stall,"Fuel System, Gasoline",2015-01-09
Recall,Inadvertent shut down (start/stop switch location),Electrical System,2015-01-09
Recall,Reinforcement bracket missing from fuel tank,"Fuel System, Gasoline",2016-12-29
Recall,Oil leak from turbocharger,Engine And Engine Cooling,2016-12-22
Recall,Rear seat back pivot pins may fail,Seats,2016-12-05
Large Recall,Front seat belts may not restrain occupants,Seat Belts,2016-12-05
Large Recall,Fuel delivery module may crack and cause fuel leak,"Fuel System, Gasoline",2016-10-26
Recall,Drain valve opening may cause fuel leak,N/A,2016-10-26
Recall,Oil leak from engine cooler hose,Engine And Engine Cooling,2016-10-26
Recall,Incorrect headlight lenses/fmvss 108,Exterior Lighting,2016-10-12
Recall,"Software affecting stability control/fmvss 126,135",N/A,2016-10-12
Recall,Hatchback can be unlatched with one button press,Latches/locks/linkages,2016-09-28
Recall,Panoramic roof panel may separate from vehicle,Visibility,2016-09-27
Large Recall,Doors may unexpectedly open,Latches/locks/linkages,2016-09-06
Recall,Fuel pump malfunction may cause engine stall,"Fuel System, Gasoline",2016-08-25
Recall,Power window force may be excessive/fmvss 118,Electrical System,2016-08-24
Recall,Engine may stall due to fuel pump contamination,Engine And Engine Cooling,2016-08-24
Recall,Electronic stability control systems/fmvss 126,N/A,2016-06-29
Recall,"Driver seat back frame may fail/fmvss 202, 207",Seats,2016-06-28
Recall,Loss of motive power from pinion gear wear,Power Train,2016-06-28
Do Not Drive,Passenger frontal air bag inflator may rupture,Air Bags,2016-05-31
Recall,Child seat tether anchor blocked/fmvss225,Child Seat,2016-05-24
Large Recall,Master cylinder rear cup seal leak,"Service Brakes, Hydraulic",2016-05-24
Large Recall,Unexpected transmission downshift,Power Train,2016-04-27
Recall,"Driver seat riser weld may fail/fmvss 207,210",Seat Belts,2016-04-27
Recall,Rear suspension toe link may be improperly welded,Suspension,2016-04-26
Recall,Possible damage to tire inner sidewall,Tires,2016-04-26
Recall,Air bag second stage may not inflate properly,Air Bags,2016-04-26
Recall,Side curtain air bag assembly improperly installed,Air Bags,2016-04-04
Recall,Parking brake cable connector clip may fail,N/A,2016-03-31
Recall,Engine block heater may overheat,Engine And Engine Cooling,2016-03-31
Recall,Restraint system may misclassify front passenger,Air Bags,2016-02-25
Recall,Rear seat belt buckle may not latch,Seat Belts,2016-02-25
Recall,Loss of trailer braking function,Electrical System,2016-01-28
Large Recall,Driver side air bag inflator may rupture,Air Bags,2016-01-25
Recall,Inflator component may detach during deployment,Air Bags,2017-12-18
Recall,"Vehicle may roll away/fmvss 102, 114",Electrical System,2017-12-18
Do Not Drive,Driver side air bag inflator may rupture,Air Bags,2017-12-11
Do Not Drive,Passenger frontal air bag inflator may rupture,Air Bags,2017-12-11
Recall,"Second row outboard seat/fmvss 202,207,210",Seats,2017-12-01
Recall,Hydraulic brake fluid leak,"Service Brakes, Hydraulic",2017-11-29
Large Recall,Front seat adjuster pivot bolts may loosen,N/A,2017-11-29
Recall,Transmission shift linkage may disconnect,Power Train,2017-10-24
Recall,Water may enter the trailer tow module,Electrical System,2017-10-23
Recall,Unintended vehicle movement,Power Train,2017-10-23
Recall,Cylinder heads incorrectly machined,N/A,2017-10-23
Large Recall,Doors may open while driving,Latches/locks/linkages,2017-10-16
Recall,Tie rod may loosen,N/A,2017-09-25
Recall,Rivets missing from the roof braces,Structure,2017-09-25
Recall,"Insufficient seat and seat belt weld/fmvss 210,207",Seat Belts,2017-09-25
Large Recall,Left rear seat belt may detach/fmvss 210,Seat Belts,2017-08-28
Recall,Hub unit bearing may allow wheel detachment,Suspension,2017-08-28
Recall,"Insufficient seat frame weld/fmvss 207, 210",Seat Belts,2017-08-28
Recall,Passenger frontal air bag inflator may rupture,Air Bags,2017-08-28
Recall,Loss of power assisted steering,N/A,2017-08-28
Recall,Seat and seat belt mounting bolts may fracture,N/A,2017-07-25
Recall,Torque converter connection may fail,Power Train,2017-07-06
Recall,Driver's knee air bag may not inflate/fmvss 208,Air Bags,2017-06-26
Recall,Second row seats may be missing attachment studs,Seats,2017-06-26
Large Recall,Driveshaft coupling may fail,Power Train,2017-06-26
Recall,Door may unlatch in a side impact collision,Latches/locks/linkages,2017-05-22
Recall,"Driver seat back frame may fail/fmvss 202, 207",N/A,2017-05-22
Recall,Vehicle may roll when in park/fmvss 102/114,Power Train,2017-03-31
Recall,Improperly welded windshield header/fmvss 214,Structure,2017-03-27
Large Recall,Engine cylinder head may leak oil,Engine And Engine Cooling,2017-03-27
Large Recall,Doors may unexpectedly open,Latches/locks/linkages,2017-03-27
Recall,Driveline vibrations may fracture transmission,Power Train,2017-03-27
Recall,Driver's door may unlatch in a crash/fmvss 206,Latches/locks/linkages,2017-03-13
Recall,Frontal air bag may not deploy properly/fmvss 208,Air Bags,2017-02-27
Recall,Instrument cluster may fail to illuminate/fmvss 102,Electrical System,2017-01-24
Recall,Improper weld joints on floor pan,Structure,2017-01-24
Do Not Drive,Passenger frontal air bag inflator may rupture,Air Bags,2017-01-10
Large Recall,Block heater cable splice connector may corrode,N/A,2018-12-18
Recall,Transmission clutch slip and fluid leak,Power Train,2018-11-28
Recall,Unsecured park pawl may cause unintended movement,Power Train,2018-11-14
Recall,Seats are missing j-channel reinforcement brackets,Seats,2018-11-14
Recall,Driver air bag module plastic cover may detach,Air Bags,2018-11-14
Recall,Fuel pressure sensor may leak fuel,N/A,2018-11-14
Recall,Air bag may not fully inflate during deployment,Air Bags,2018-11-01
Large Recall,Stuck canister purge valve may cause stall,"Fuel System, Gasoline",2018-10-22
Recall,Rear wing hydraulic fluid leak may cause fire,N/A,2018-10-09
Recall,Incorrect length of door striker bolts/fmvss 206,Latches/locks/linkages,2018-09-11
Recall,Charge cord may overheat causing fire,Equipment,2018-09-10
Large Recall,Fire after seat belt pretensioner deployment,Seat Belts,2018-08-31
Recall,Alternator and starter cables may be loose,Electrical System,2018-08-20
Recall,Improperly heat treated front wheel studs,N/A,2018-07-16
Large Recall,Unintentional rollaway due to detached shift cable,Power Train,2018-07-16
Recall,Fuel pump assembly welds may fracture causing leak,"Fuel System, Gasoline",2018-06-12
Recall,Brake hose corrosion may cause brake fluid leak,"Service Brakes, Hydraulic",2018-06-11
Recall,Torque converter connection may fail,Power Train,2018-06-11
Recall,Improperly adjusted parking brake cable/fmvss 105,N/A,2018-05-16
Recall,Incorrect brake fluid cap/fmvss 135,Equipment,2018-05-14
Recall,Water may enter the trailer tow module,Electrical System,2018-04-30
Recall,Missing roll pin causing loss of park function,Power Train,2018-04-04
Large Recall,Shifter position may incorrectly indicate 'park',Power Train,2018-04-04
Large Recall,Steering wheel may detach,Steering,2018-03-12
Recall,Transmission clutch slip and fluid leak,Power Train,2018-03-12
Recall,Key can be removed without being in park/fmvss 114,Electrical System,2018-03-01
Recall,Incorrect brake hoses may chafe,"Service Brakes, Hydraulic",2018-02-12
Recall,Second row power windows may not reverse/fmvss 118,Visibility,2018-01-16
Do Not Drive,Passenger frontal air bag inflator may explode,Air Bags,2018-01-11
Do Not Drive,Driver side air bag inflator may explode,Air Bags,2018-01-11
Do Not Drive,Passenger frontal air bag inflator may explode,Air Bags,2018-01-11
Recall,Damaged spare tire can lose air pressure or detach,Tires,2019-12-18
Large Recall,Abs valve may remain open after abs event,"Service Brakes, Hydraulic",2019-12-18
Large Recall,Fire after seat belt pretensioner deployment,Seat Belts,2019-12-11
Recall,Fuel lines may chafe together causing fuel leak,"Fuel System, Gasoline",2019-12-04
Large Recall,Tailgate may open unexpectedly,Latches/locks/linkages,2019-12-04
Recall,Intermittent or inoperative tail lights,Exterior Lighting,2019-11-21
Large Recall,Excessive sealant adhesive on battery cable,Electrical System,2019-11-12
Recall,Daytime running lights may not dim,Exterior Lighting,2019-11-12
Recall,Battery cable may chafe and cause electrical short,Electrical System,2019-11-12
Recall,Rear toe link fasteners may be loose,Suspension,2019-10-28
Large Recall,Driveshaft coupling may fail,Power Train,2019-10-25
Recall,Seat belt webbing may detach from anchor,Seat Belts,2019-10-25
Recall,Blower motor may short,Visibility,2019-10-10
Recall,Wiring harness may contact a/c pulley or belt,Electrical System,2019-09-30
Recall,Premature right rear axle shaft failure,Power Train,2019-09-30
Large Recall,Front seat frames may have exposed sharp edges,N/A,2019-09-11
Large Recall,Steering gear motor may detach,Steering,2019-08-29
Recall,Front brake may drag,"Service Brakes, Hydraulic",2019-08-28
Large Recall,Reduced seat back strength/fmvss 202 & 207,Seats,2019-08-28
Large Recall,Front seat belts may not restrain occupants,Seat Belts,2019-08-12
Recall,Vehicles still in factory mode/fmvss 114/102,Electrical System,2019-08-05
Recall,Improperly assembled front passenger seat belt,N/A,2019-07-10
Recall,Stuck canister purge valve may cause stall,"Fuel System, Gasoline",2019-07-05
Recall,Transmission failure and loss of drive power,Power Train,2019-06-10
Large Recall,Unexpected transmission downshift,Power Train,2019-06-10
Large Recall,Rear suspension toe links may fracture,Suspension,2019-06-10
Large Recall,Unintentional rollaway due to detached shift cable,Power Train,2019-05-13
Recall,Shifter position may incorrectly indicate 'park',Power Train,2019-05-13
Large Recall,Damage to block heater connector may cause fire,N/A,2019-04-08
Recall,Protection from high voltage/fmvss 305,N/A,2019-02-15
Recall,Instrument cluster may go blank on start-up,Electrical System,2019-02-11
Large Recall,Unexpected transmission downshift,Power Train,2019-02-11
Recall,Doors may open while driving,Latches/locks/linkages,2019-02-11
Recall,Unintentional shift out of park,Power Train,2019-02-01
Recall,Failure of hands-off the wheel alerts,Lane Departure,2019-01-14
Do Not Drive,Passenger frontal air bag inflator may explode,Air Bags,2019-01-07
Recall,"Insufficient front seat frame weld/fmvss 207, 210",N/A,2019-01-02
Recall,Air bag missing first stage booster/fmvss 208,Air Bags,2020-12-17
Recall,Motor mount fasteners may loosen over time,N/A,2020-12-17
Recall,Engine cover may be excessively hot,N/A,2020-12-17
Recall,Fuel tank inlet check valve not welded properly,"Fuel System, Gasoline",2020-11-24
Recall,Front knuckles may fracture,N/A,2020-11-20
Recall,Transmission oil cooler line may contact ac pulley,Power Train,2020-11-10
Recall,Link shaft brackets may fracture,Power Train,2020-11-10
Recall,Drive shaft may fracture on weld seam,Power Train,2020-11-10
Recall,Engine may overheat,Engine And Engine Cooling,2020-10-15
Recall,Tire pressure monitoring system malfunction,Electrical System,2020-10-15
Recall,Inner rear tires may rub,Power Train,2020-09-30
Recall,Brake pedal bracket may fracture,N/A,2020-09-23
Recall,Seatbelt tension sensor malfunction,N/A,2020-09-23
Large Recall,Distorted or inoperative rearview camera/fmvss 111,Back Over Prevention,2020-09-23
Recall,Front axle may be improperly welded,Power Train,2020-09-23
Recall,Brake pedal bracket may fracture,"Service Brakes, Hydraulic",2020-09-23
Recall,Missing or loose bolts on start/stop accumulator,Power Train,2020-09-10
Recall,Rear center seat belt not secured properly,Seat Belts,2020-09-10
Recall,Side air bag may be loose in seat back,Air Bags,2020-08-21
Large Recall,Front brake hoses could rupture,N/A,2020-08-10
Recall,Power supply cable incorrectly attached to starter,Electrical System,2020-08-10
Recall,Rear coil springs may fracture,Suspension,2020-08-10
Recall,Missing heat protection components,Structure,2020-07-17
Recall,Damaged wiring may cause air bag malfunction,N/A,2020-07-17
Recall,Side curtain air bags may not properly inflate,Air Bags,2020-07-17
Recall,Torque converter damper plate may fracture,Power Train,2020-06-23
Recall,Middle row seat headrest may be improperly welded,Seats,2020-06-23
Large Recall,Doors may open while driving,Latches/locks/linkages,2020-06-08
Large Recall,Brake master cylinder may leak into booster,"Service Brakes, Hydraulic",2020-06-08
Recall,Front seat belt pretensioners may not deploy,Seat Belts,2020-05-27
Recall,Front facing camera improperly calibrated,Electrical System,2020-05-27
Recall,Out of park warning message and chime too short,Electrical System,2020-05-08
Recall,Pre-collison assist can't be enabled,Electrical System,2020-05-08
Recall,Panoramic roof panel may separate from vehicle,Visibility,2020-05-08
Recall,Headlamps may not function properly/fmvss 108,Exterior Lighting,2020-04-24
Recall,Belt tension sensor malfunction,N/A,2020-04-16
Recall,Gear position display may be inaccurate,Power Train,2020-04-03
Recall,Wire harness may chafe and damage circuits,Electrical System,2020-03-23
Large Recall,Doors may open while driving,Latches/locks/linkages,2020-03-23
Recall,Replacement blower motor may short,Visibility,2020-03-09
Large Recall,Daytime running lights may not dim/fmvss 108,Exterior Lighting,2020-02-21
Recall,Damage to block heater cable may cause fire,N/A,2020-02-21
Recall,Driveshaft may separate from rear axle,Power Train,2020-02-21
Large Recall,Rear suspension toe links may fracture,Suspension,2020-02-10
Recall,Fuel tank damage/fmvss 301,"Fuel System, Gasoline",2021-12-16
Recall,Panoramic roof panel may separate from vehicle,Visibility,2021-12-16
Recall,Driveshaft may separate,Power Train,2021-12-16
Recall,"Improperly attached rear seat belts/fmvss 208, 210",Seat Belts,2021-12-16
Recall,Side curtain air bag may not inflate properly,Air Bags,2021-12-16
Recall,Radar module misaligned,Forward Collision Avoidance,2021-12-16
Recall,Tailgate may open unexpectedly,Latches/locks/linkages,2021-12-16
Large Recall,Damaged driveshaft may fracture,Power Train,2021-12-16
Recall,Air bag cover may break apart during crash,N/A,2021-11-24
Large Recall,Reduced braking performance/fmvss 135,"Service Brakes, Hydraulic",2021-11-23
Recall,High voltage battery may fail,Electrical System,2021-11-10
Recall,Incorrect components in rear suspension module,Suspension,2021-11-10
Recall,Front door side impact sensors damaged/fmvss 214,Air Bags,2021-10-15
Recall,Inadequate bonding on moonroof glass panel,Visibility,2021-10-15
Recall,Seat belt routed incorrectly/fmvss 208 & 209,Seat Belts,2021-10-15
Recall,Passenger air bag may deploy improperly/fmvss 208,Air Bags,2021-10-01
Recall,Child seat may not attach properly/fmvss 225,Child Seat,2021-09-30
Large Recall,Rearview camera image may not display,Back Over Prevention,2021-09-22
Large Recall,Rear suspension toe link fracture,Suspension,2021-09-22
Recall,Inadequate front windshield bonding/fmvss 212,Visibility,2021-09-14
Recall,Inadequate panoramic roof glass panel bonding,Visibility,2021-09-14
Recall,Side air bag weld stud may fail/fmvss 214,Air Bags,2021-08-23
Recall,Front seatbelt webbing routed incorrectly,Seat Belts,2021-08-23
Recall,Parking brake cable may fail,Parking Brake,2021-08-11
Recall,Fuel delivery module may leak,"Fuel System, Gasoline",2021-08-10
Recall,Seat belt locking retractor malfunction/fmvss 208,Seat Belts,2021-07-30
Recall,Electronic brake booster may leak into ecu,N/A,2021-07-15
Recall,Unsecured wire harness,Electrical System,2021-07-15
Recall,Driveshaft may separate,Power Train,2021-07-15
Large Recall,Rear suspension toe link fracture,Suspension,2021-07-15
Do Not Drive,Damaged steering gear may cause steering loss,N/A,2021-05-29
Do Not Drive,Wheel hub extenders may be improperly attached,Power Train,2021-05-25
Recall,Fifth wheel bracket may detach while towing,Trailer Hitches,2021-05-24
Large Recall,Unintentional rollaway due to detached shift cable,Power Train,2021-05-24
Recall,Driver's seatbelt assembly malfunction,Seat Belts,2021-05-24
Recall,Two-piece driveshafts may disconnect,Power Train,2021-05-24
Recall,Warped axle flange may fracture wheel studs,Suspension,2021-05-07
Large Recall,Roof rail covers may detach,Structure,2021-05-05
Recall,Loss of backup camera image/fmvss 111,Back Over Prevention,2021-03-30
Recall,Inadequate rear axle lubrication,Power Train,2021-03-24
Large Recall,Rear suspension toe link fracture,Suspension,2021-03-12
Recall,Rear lower control arm bolts may break,Suspension,2021-03-10
Recall,Tire failure may cause sudden air loss,N/A,2021-03-10
Large Recall,Driver's air bag inflator may explode,Air Bags,2021-03-10
Recall,Loose subframe bolts,Structure,2021-03-05
Recall,Tire and loading information label incorrect,Equipment,2021-02-18
Recall,Inadequate windshield bonding/fmvss 212,Visibility,2021-02-18
Large Recall,Frontal air bag inflator may explode,Air Bags,2021-02-17
Recall,Incorrect front lower control arms,Suspension,2021-02-16
Recall,Missing or loose rear suspension bolts,Suspension,2021-02-16
Recall,Frontal air bag inflator may explode,Air Bags,2021-02-16
Recall,Frontal air bag inflator may explode,Air Bags,2021-02-16
Recall,Inadequate lubrication in rear drive unit,Power Train,2021-01-15
Recall,Contaminated washer fluid/fmvss 104,Visibility,2021-01-15
Large Recall,Seat belt warning system malfunction/fmvss 208,Seat Belts,2022-12-23
Recall,Fuel tank paint may peel and result in a fuel leak,"Fuel System, Gasoline",2022-12-14
Recall,Improperly secured side impact sensors,Air Bags,2022-12-14
Recall,Driveshaft may become imbalanced,Power Train,2022-11-29
Large Recall,Cracked fuel injector may leak and cause a fire,"Fuel System, Gasoline",2022-11-18
Large Recall,Windshield wiper motor may fail,Visibility,2022-11-15
Recall,Rearview camera malfunction/fmvss 111,Back Over Prevention,2022-11-03
Recall,Hvac controls may become inoperative,Electrical System,2022-10-20
Recall,Fuel pump control module bracket not secured,"Fuel System, Gasoline",2022-10-20
Recall,Improperly tightened bolt on rear axle,Power Train,2022-10-20
Recall,Rear stabilizer bar brackets may break,Suspension,2022-09-30
Recall,Unintended brake light illumination/fmvss 108,Exterior Lighting,2022-09-30
Recall,Improper air bag deployment/fmvss 208,N/A,2022-09-14
Recall,Fuel line may be loose,"Fuel System, Gasoline",2022-09-14
Recall,Parking lights may flicker/fmvss 108,Exterior Lighting,2022-09-14
Recall,Wheel lug nuts not tightened correctly,Wheels,2022-09-08
Large Recall,Cloudy camera lens may reduce rear visibility,Back Over Prevention,2022-08-26
Recall,Rear axle half shaft may break under load,Power Train,2022-08-26
Large Recall,Blower motor failure may cause fire,Electrical System,2022-08-26
Recall,Rearview camera display may not operate,Back Over Prevention,2022-08-12
Recall,Damaged driveshaft may fracture,Power Train,2022-08-12
Recall,Side curtain air bag malfunction/fmvss 226,Air Bags,2022-08-08
Recall,Steering wheel may loosen or detach,Steering,2022-07-22
Large Recall,Engine compartment fire risk,N/A,2022-07-07
Recall,Side marker and daytime running lights may fail/fmvss 108,Exterior Lighting,2022-06-24
Recall,Inadequate front windshield bonding/fmvss 212,Visibility,2022-06-24
Recall,Tpms light may not illuminate/fmvss 138,Tires,2022-06-24
Recall,Engine rails improperly heat-treated/fmvss 208,N/A,2022-06-24
Recall,Instrument panel not illuminated/fmvss 101,Electrical System,2022-06-10
Recall,High voltage battery contactor may overheat,Electrical System,2022-06-10
Recall,Child safety lock malfunction,Latches/locks/linkages,2022-06-10
Large Recall,Unintentional rollaway due to detached shift cable,Power Train,2022-06-10
Recall,Unsecured fuel tank attachment strap,"Fuel System, Gasoline",2022-06-10
Recall,Powertrain control module malfunction,Power Train,2022-05-27
Recall,Trailer brakes may fail,N/A,2022-05-27
Recall,Label missing tire information/fmvss 110 & 120,Equipment,2022-05-27
Fire Risk,Engine compartment fire,N/A,2022-05-17
Recall,Software error may cause unintended acceleration,Power Train,2022-05-13
Recall,Insufficient welds in high voltage battery,Electrical System,2022-05-13
Recall,Forward-facing camera is misaligned,Forward Collision Avoidance,2022-05-13
Large Recall,Driver's air bag may not deploy,Air Bags,2022-05-13
Large Recall,Vehicle rollaway from driveshaft disconnect,Power Train,2022-04-14
Recall,Head restraint cushion may detach,Seats,2022-04-14
Large Recall,Windshield wipers may fail,Visibility,2022-04-14
Recall,Rearview camera image may not display/fmvss 111,Back Over Prevention,2022-04-14
Recall,Steering column wiring too short,Steering,2022-04-14
Recall,Unintentional rollaway due to detached shift cable,Power Train,2022-04-14
Recall,Unintentional rollaway due to transmission washer,Power Train,2022-04-14
Large Recall,Trailer brakes may fail,Electrical System,2022-03-25
Recall,Transmission may shift into neutral while driving,Power Train,2022-03-25
Recall,Rearview camera display may not operate,Back Over Prevention,2022-03-25
Recall,Rearview camera display may not operate correctly,Back Over Prevention,2022-03-25
Recall,Inlet charge port harness bus bar may loosen,N/A,2022-03-25
Large Recall,Engine oil leak,Engine And Engine Cooling,2022-03-25
Recall,Inadequate front windshield adhesion,Visibility,2022-03-25
Recall,Blank or distorted rearview camera image,Back Over Prevention,2022-03-11
Large Recall,Windshield wiper motor may fail,Visibility,2022-03-11
Recall,Improperly installed steering shaft bolt,Steering,2022-03-11
Recall,High voltage battery may fail,Electrical System,2022-03-11
Large Recall,Brake master cylinder may leak fluid into booster,"Service Brakes, Hydraulic",2022-03-11
Recall,Engine damage may cause stall or fire,Engine And Engine Cooling,2022-02-24
Large Recall,Blank or distorted rearview camera image,Back Over Prevention,2022-02-16
Recall,Passenger knee air bag may deploy improperly,Air Bags,2022-02-16
Large Recall,Damaged driveshaft may fracture,Power Train,2022-02-16
Recall,Fuel filler tube may detach/fmvss 301,"Fuel System, Gasoline",2022-02-16
Recall,Power steering pressure line may detach and leak,"Service Brakes, Hydraulic",2022-02-16
Recall,Secondary fuel filter may leak,N/A,2022-01-14
Large Recall,Brake light malfunction and possible rollaway risk,"Service Brakes, Hydraulic",2022-01-13
Large Recall,Rear axle hub bolt may break,Power Train,2023-12-22
Large Recall,Engine oil pump failure,Engine And Engine Cooling,2023-12-22
Large Recall,Missing warning for turn signal failure/fmvss 108,Electrical System,2023-12-15
Recall,Driver's air bag may become deactivated/fmvss 208,Air Bags,2023-12-15
Recall,Parking lights may flicker/fmvss 108,Exterior Lighting,2023-11-28
Recall,Deactivated electronic stability control/fmvss 126,N/A,2023-11-28
Do Not Drive,Loose brake pedal,"Service Brakes, Hydraulic",2023-11-28
Recall,Doors may open while driving,Latches/locks/linkages,2023-11-17
Do Not Drive,Front wheel and hub extender may detach,Power Train,2023-11-09
Large Recall,Low brake fluid warning inoperative/fmvss 135,Electrical System,2023-10-27
Recall,High voltage battery contactor may overheat,Electrical System,2023-10-13
Recall,Rearview camera image may not display/fmvss 111,Back Over Prevention,2023-10-13
Recall,Inoperative defrosting/defogging system/fmvss 103,Visibility,2023-10-13
Large Recall,Vehicle rollaway from driveshaft disconnect,Power Train,2023-10-06
Recall,High voltage battery may short circuit,Electrical System,2023-09-08
Recall,Unsecured transmission may cause rollaway,Power Train,2023-09-08
Large Recall,Rearview camera image may not display,Back Over Prevention,2023-08-25
Recall,Left rear axle shaft may break,Power Train,2023-08-25
Recall,Front right headlight is too bright/fmvss 108,Exterior Lighting,2023-08-25
Recall,Damaged turbocharger oil supply line,Engine And Engine Cooling,2023-08-25
Recall,Incorrect rearview camera image may display,Back Over Prevention,2023-08-11
Recall,Unsecured transmission may cause rollaway,Power Train,2023-08-03
Recall,Front windows may not reverse direction,Structure,2023-07-21
Large Recall,Front door latch pawl may crack,Latches/locks/linkages,2023-07-21
Recall,Instrument panel may fail to illuminate/fmvss 101,Electrical System,2023-07-21
Large Recall,Unexpected activation of electric parking brake,Parking Brake,2023-07-21
Recall,Inoperative instrument panel/fmvss 101 & 105,N/A,2023-07-21
Recall,Loss of power or fire from damaged control module,Electrical System,2023-06-23
Recall,Rear shock absorbers manufactured incorrectly,Suspension,2023-06-23
Recall,Rear lightbar may be inoperative,N/A,2023-06-09
Large Recall,Head restraint instructions missing/fmvss 202,Equipment,2023-06-09
Large Recall,Engine failure may cause fire,N/A,2023-05-26
Fire Risk,Engine compartment fire while parked or driving,N/A,2023-05-26
Recall,Incorrect load carrying capacity/fmvss 110,Equipment,2023-05-26
Large Recall,Seat belt latch difficult to access/fmvss 208,Seat Belts,2023-05-18
Large Recall,Rearview camera image may not display,Back Over Prevention,2023-05-12
Recall,Missing or loose steering column bolts,Steering,2023-05-12
Recall,Rearview image may not display/fmvss 111,Back Over Prevention,2023-04-28
Large Recall,Replacement air bag inflator incorrectly installed,Air Bags,2023-04-28
Do Not Drive,Improperly tightened wheel lug nuts,Wheels,2023-04-20
Recall,Incomplete pcm update may result in rollaway,Parking Brake,2023-03-24
Recall,Insufficient welds on child seat tethers/fmvss 225,Child Seat,2023-03-24
Recall,High-voltage battery pack may short-circuit,Electrical System,2023-03-15
Recall,Inoperative trailer taillights/fmvss 108,Exterior Lighting,2023-03-10
Large Recall,Front brake hoses may rupture,"Service Brakes, Hydraulic",2023-03-10
Large Recall,Windshield wipers may fail,Visibility,2023-03-10
Recall,Rear caliper bolts not tightened correctly,"Service Brakes, Hydraulic",2023-03-10
Recall,Rearview camera malfunction/fmvss 111,Back Over Prevention,2023-03-10
Recall,Steering wheel may lock-up while driving,N/A,2023-03-08
Recall,Hvac system defogger inoperative/fmvss 103,Visibility,2023-02-24
Recall,Replacement air bag inflator incorrectly installed,Air Bags,2023-02-24
Recall,Front axle pinion not heat-treated,Power Train,2023-02-24
Recall,Unintended pcm reset may cause vehicle rollaway,Power Train,2023-02-10
Recall,Loose bolt in transmission may cause rollaway,Power Train,2023-02-10
Recall,Fuel tank not welded properly,"Fuel System, Gasoline",2023-02-10
Recall,Passenger air bag may deploy improperly/fmvss 208,Air Bags,2023-02-10
Recall,Leak in abs module,"Service Brakes, Hydraulic",2023-01-23
Large Recall,Rearview camera image may not display,Back Over Prevention,2023-01-23
Large Recall,High pressure fuel pump may fail,"Fuel System, Diesel",2024-12-20
Recall,High voltage battery may short circuit,Electrical System,2024-12-20
Recall,Incorrectly installed engine cup plug may leak oil,Engine And Engine Cooling,2024-12-20
Recall,Power windows may pinch/fmvss 118,Visibility,2024-12-20
Recall,Rearview camera image may not display,Back Over Prevention,2024-12-20
Recall,Loss of steering from front control arm separation,Suspension,2024-12-19
Recall,Passenger air bag may deploy incorrectly/fmvss 208,Air Bags,2024-11-08
Recall,Bracket may damage fuel line and cause leak,"Fuel System, Gasoline",2024-11-08
Recall,Missing dashboard air bag warning label/fmvss 208,Equipment,2024-11-08
Recall,Rear wheel may lock up or separate from axle,Power Train,2024-10-25
Recall,Rearview camera image may not display,Back Over Prevention,2024-10-25
Recall,Blank instrument panel display/fmvss 101 & 102,Electrical System,2024-10-25
Recall,Rearview camera image may not display/fmvss 111,Back Over Prevention,2024-10-25
Recall,Loss of power brake assist,"Service Brakes, Hydraulic",2024-10-18
Recall,Child seat anchors not attached properly/fmvss 225,Child Seat,2024-10-18
Recall,Loss of steering from front control arm separation,Suspension,2024-10-16
Recall,Improperly illuminated gear indicator lights,Electrical System,2024-09-27
Recall,Battery cable may short circuit,Electrical System,2024-09-13
Large Recall,Rearview camera image may freeze,Back Over Prevention,2024-09-13
Recall,Loss of drive power from undetected low battery,Electrical System,2024-09-13
Recall,Parking lights may flicker/fmvss 108,Exterior Lighting,2024-09-13
Recall,Engine intake valves may break,Engine And Engine Cooling,2024-08-23
Recall,Fuel injectors may leak,"Fuel System, Gasoline",2024-08-23
Recall,Incorrect gross axle weight rating on labels,Equipment,2024-08-23
Recall,Engine failure may cause fire,N/A,2024-08-10
Recall,Steering column assembled with incorrect bolt,Steering,2024-08-09
Recall,Loss of drive power from undetected low battery,Electrical System,2024-08-09
Recall,Rear suspension knuckles may fail,Suspension,2024-08-09
Recall,Windshield wiper motor may fail,Visibility,2024-08-09
Recall,Power windows may pinch/fmvss 118,Visibility,2024-08-09
Recall,Loss of power steering assist,Steering,2024-07-19
Recall,Loss of steering control from tie rod failure,Steering,2024-07-19
Recall,Loss of steering control from tie rod failure,Steering,2024-06-28
Recall,Steering wheel may turn unintentionally,Steering,2024-06-28
Recall,Steering wheel may turn unintentionally,Steering,2024-06-28
Recall,Windshield may detach during a crash/fmvss 212,Visibility,2024-06-28
Recall,Brake fluid warning light may stay illuminated,"Service Brakes, Hydraulic",2024-06-28
Large Recall,Unexpected downshift can cause loss of control,Power Train,2024-06-17
Recall,Misaligned cruise control radar module,Forward Collision Avoidance,2024-06-14
Recall,Ota bcm software update may disable reverse lights,Electrical System,2024-06-14
Recall,Improperly secured clutch pressure line,Power Train,2024-06-03
Large Recall,Rearview camera image may not display properly,Back Over Prevention,2024-05-24
Recall,Software error may cause loss of drive power,Power Train,2024-05-10
Recall,Steering column assembled with incorrect fastener,Steering,2024-05-10
Large Recall,Tail lights may fail,Electrical System,2024-04-26
Recall,Panoramic roof panel may detach from vehicle,Visibility,2024-04-26
Large Recall,Loss of drive power from undetected low battery,Electrical System,2024-04-12
Recall,Incorrect tire and loading information/fmvss 110,Equipment,2024-04-12
Recall,Accessory hood scoop may detach,Structure,2024-04-12
Recall,Tire damage from contact with wheel arch liner,N/A,2024-03-22
Recall,Tires manufactured incorrectly,N/A,2024-03-22
Recall,Fuel supply line may leak,"Fuel System, Gasoline",2024-03-22
Recall,Fuel tank may leak fuel,"Fuel System, Gasoline",2024-03-08
Recall,Cracked fuel injector may leak and cause a fire,"Fuel System, Gasoline",2024-03-08
Recall,Rearview camera image may not display/fmvss 111,Back Over Prevention,2024-03-08
Recall,Headlights too bright/fmvss 108,Exterior Lighting,2024-03-08
Recall,Child safety lock malfunction,Latches/locks/linkages,2024-03-08
Recall,Rear glass panels may detach,Visibility,2024-02-23
Recall,Instrument panel not illuminated/fmvss 101,Electrical System,2024-02-23
Recall,Seat cover may cause air bag to deploy incorrectly,N/A,2024-02-23
Recall,Parking brake may release unexpectedly,N/A,2024-02-23
Recall,Improperly secured battery may cause fire,Electrical System,2024-02-23
Large Recall,Inadequate rear axle lubrication,Power Train,2024-02-09
Recall,Seat belt may lock and fail to retract or extend,Seat Belts,2024-02-09
Recall,Power steering pressure line may detach and leak,"Service Brakes, Hydraulic",2024-02-09
Recall,Fastener connecting knuckle and strut may be loose,Steering,2024-02-08
Large Recall,Exterior a-pillar trim may detach,Structure,2024-01-19
Recall,Rearview camera may fail to turn off/fmvss 111,Back Over Prevention,2025-12-18
Recall,Rearview camera display may not operate,Back Over Prevention,2025-12-18
Recall,Out of park warning message and chime too short,Electrical System,2025-12-18
Recall,Headlights may fail/fmvss 108,Exterior Lighting,2025-12-18
Recall,Instrument panel cover may detach,Structure,2025-12-18
Recall,Software error may cause loss of drive power,Power Train,2025-12-18
Recall,Right rear axle shaft may fail,Power Train,2025-12-12
Large Recall,Vehicle rollaway risk/fmvss 114,Power Train,2025-12-12
Recall,Seat belt retractors not secured properly,Seat Belts,2025-12-12
Recall,Loss of drive power from disengaged axle shaft,Power Train,2025-12-12
Recall,Inoperative rear lightbar/fmvss 108,N/A,2025-12-01
Large Recall,Liftgate hinge covers may detach,Structure,2025-12-01
Recall,Engine oil leak may cause fire,N/A,2025-12-01
Recall,Driver and passenger door trim may detach,Structure,2025-12-01
Recall,Loss of power brake assist,"Service Brakes, Hydraulic",2025-12-01
Recall,Engine cover may become excessively hot,N/A,2025-11-17
Recall,High voltage battery may short circuit,Electrical System,2025-11-14
Large Recall,Instrument panel display failure,Electrical System,2025-11-14
Recall,Loss of vehicle stability control and brake power assist,N/A,2025-11-14
Recall,Automatic transmission may not shift into park,Power Train,2025-10-24
Recall,Driver and passenger door trim may detach,Structure,2025-10-24
Recall,Rear lightbar may be inoperative,N/A,2025-10-24
Recall,Windshield air bubbles can obscure visibility/fmvss 205,Visibility,2025-10-24
Large Recall,Moonroof wind deflector may detach,Visibility,2025-10-24
Recall,Inoperative defrosting and defogging system,Visibility,2025-10-24
Large Recall,Loose bolt in driver's seat frame,Seats,2025-10-23
Large Recall,Rearview camera image may not display,Back Over Prevention,2025-10-13
Recall,Reduced brake function/fmvss 135,"Service Brakes, Hydraulic",2025-10-10
Recall,Unintended acceleration may occur due to disabled safety features,Engine And Engine Cooling,2025-10-10
Recall,Missing pedestrian warning sound,Back Over Prevention,2025-10-10
Recall,Low brake fluid warning inoperative/fmvss 135,Electrical System,2025-10-10
Recall,Rear combination light assembly may fail/fmvss 108,N/A,2025-10-10
Recall,Trailer hitch assembly may detach,N/A,2025-10-10
Large Recall,Rearview camera image may not display properly,Back Over Prevention,2025-10-10
Recall,Engine block heater may short circuit and cause fire,Equipment,2025-10-10
Recall,Engine block heater may short circuit and cause fire,Equipment,2025-10-10
Recall,Block heater may overheat and cause fire,Equipment,2025-10-10
Recall,Inadequate windshield bonding/fmvss 212,Visibility,2025-10-10
Recall,Passenger air bag may deploy improperly/fmvss 208,Air Bags,2025-10-09
Fire Risk,Engine compartment fire,N/A,2025-09-19
Large Recall,Loss of steering control from steering column detachment,Steering,2025-09-19
Recall,Incorrect tires and steering coupler cover installed,N/A,2025-09-18
Large Recall,Seat belt anchor pretensioner cables may corrode and break,Seat Belts,2025-09-12
Large Recall,Driver and front passenger door trim may detach,Structure,2025-09-12
Recall,High pressure fuel pump may leak and cause a fire,"Fuel System, Gasoline",2025-09-11
Large Recall,Blank or distorted rearview camera image,Back Over Prevention,2025-09-04
Large Recall,Exterior lighting failure/fmvss 108,N/A,2025-08-22
Large Recall,Rear brake hose may rupture,"Service Brakes, Hydraulic",2025-08-22
Large Recall,Inoperative trailer tail lights/fmvss 108,Exterior Lighting,2025-08-22
Large Recall,Air bag may tear/fmvss 226,Air Bags,2025-08-22
Large Recall,Instrument panel display failure,Electrical System,2025-08-22
Recall,Headlights may fail/fmvss 108,Exterior Lighting,2025-08-08
Recall,Window automatic reversal system malfunction/fmvss 118,Visibility,2025-08-08
Recall,Parking lights may flicker/fmvss 108,Exterior Lighting,2025-08-08
Recall,Blank instrument panel display/fmvss 101 & 102,Electrical System,2025-08-08
Recall,Parking lights may flicker/fmvss 108,Exterior Lighting,2025-08-08
Recall,Loss of power brake assist,"Service Brakes, Hydraulic",2025-08-08
Large Recall,Rear axle hub bolt may break,Power Train,2025-08-08
Recall,Rearview camera image may not display,Back Over Prevention,2025-08-08
Recall,Seat belt warning system malfunction/fmvss 208,Seat Belts,2025-07-25
Large Recall,Loss of power brake assist,"Service Brakes, Hydraulic",2025-07-25
Recall,Rearview camera image may not display,Back Over Prevention,2025-07-25
Recall,Rear windows may fail to reverse direction/fmvss 118,Visibility,2025-07-25
Large Recall,Cracked fuel injector may leak and cause a fire,"Fuel System, Gasoline",2025-07-11
Recall,Engine oil leak may cause fire,N/A,2025-07-07
Large Recall,Low pressure fuel pump may fail,"Fuel System, Gasoline",2025-07-07
Recall,Front brake jounce hose may contact tire and leak,"Service Brakes, Hydraulic",2025-06-27
Recall,Trailer brakes may fail,N/A,2025-06-27
Recall,Rear wing hydraulic fluid leak may cause fire,N/A,2025-06-27
Large Recall,Rearview camera image may not display,Back Over Prevention,2025-06-27
Recall,High voltage battery contactor may overheat,Electrical System,2025-06-27
Recall,Air bags may deploy with excessive force,Air Bags,2025-06-27
Large Recall,Rear door window bars and c-pillar trim may detach,Structure,2025-06-13
Large Recall,Back seat occupants may become trapped,Electrical System,2025-06-13
Do Not Drive,Sudden loss of brake function,"Service Brakes, Hydraulic",2025-06-13
Recall,Side marker and daytime running lights may fail/fmvss 108,Exterior Lighting,2025-06-13
Recall,"Improperly displaying instrument panel/fmvss 101, 126",Electrical System,2025-06-13
Recall,Damaged wire harness may cause engine stall,Electrical System,2025-06-13
Recall,Child safety lock may not prevent door from opening,Latches/locks/linkages,2025-06-13
Recall,Passenger air bag may deploy improperly/fmvss 208,Air Bags,2025-06-13
Recall,Engine failure,Engine And Engine Cooling,2025-06-13
Recall,Vehicle rollaway risk/fmvss 114,Power Train,2025-06-13
Large Recall,Second-row seat may move unexpectedly,Seats,2025-06-13
Recall,Air bag status indicator light not visible/fmvss 208,Air Bags,2025-06-09
Recall,Engine oil leak may cause fire,N/A,2025-06-03
Recall,Loose bolts on front brake caliper,"Service Brakes, Hydraulic",2025-06-03
Large Recall,Seat belt may fail to retract or extend,Seat Belts,2025-05-23
Recall,High voltage battery may short circuit,Electrical System,2025-05-23
Recall,Reverse lights may not function,Exterior Lighting,2025-05-23
Large Recall,Driver and passenger door trim may detach,Structure,2025-05-23
Recall,Pre-collison assist features may not function,Electrical System,2025-05-23
Recall,Engine failure may cause fire,N/A,2025-05-23
Recall,Block heater may overheat and cause fire,N/A,2025-05-23
Recall,Loss of steering from front control arm separation,Suspension,2025-05-23
Recall,Tpms light may not illuminate/fmvss 138,Tires,2025-05-23
Recall,Instrument panel not illuminated/fmvss 101,Electrical System,2025-05-23
Recall,Seat belt warning system malfunction/fmvss 208,Seat Belts,2025-05-23
Recall,Panoramic and center display failure/fmvss 111,Electrical System,2025-05-23
Large Recall,Rearview camera image may not display,Back Over Prevention,2025-05-14
Recall,Improperly tightened subframe bolt,Structure,2025-05-09
Large Recall,Loss of brake function from brake fluid leak,"Service Brakes, Hydraulic",2025-05-09
Large Recall,Rearview camera image may not display,Back Over Prevention,2025-05-09
Recall,Deactivated electronic stability control/fmvss 126,N/A,2025-05-09
Recall,Rearview camera malfunction/fmvss 111,Back Over Prevention,2025-05-09
Recall,Loose or missing bolts on driver's seat/fmvss 207,Seats,2025-05-09
Recall,Loss of steering from front control arm separation,Suspension,2025-05-09
Recall,Loose fasteners on lower intermediate shaft,N/A,2025-05-09
Do Not Drive,Front lower control arm may detach,Suspension,2025-05-09
Recall,Fuel return line connectors may leak,"Fuel System, Diesel",2025-05-09
Recall,Child safety lock malfunction,Latches/locks/linkages,2025-05-09
Recall,Improperly secured battery may cause fire,Electrical System,2025-04-23
Large Recall,Blank or distorted rearview camera image,Back Over Prevention,2025-04-23
Recall,Missing dashboard air bag warning label/fmvss 208,Equipment,2025-04-23
Do Not Drive,Loss of steering from front control arm separation,Suspension,2025-04-18
Recall,Rearview camera image may not display,Back Over Prevention,2025-04-11
Recall,Software error may cause loss of drive power,Power Train,2025-04-11
Recall,Power windows may pinch/fmvss 118,Visibility,2025-04-11
Large Recall,Loss of brake function from brake fluid leak,"Service Brakes, Hydraulic",2025-04-11
Fire Risk,High voltage battery water damage may cause fire,Electrical System,2025-04-11
Recall,Incorrect fuse may cause a loss of drive power,Electrical System,2025-03-28
Recall,Misaligned engine oil plug,Engine And Engine Cooling,2025-03-28
Recall,Engine may overheat,Power Train,2025-03-28
Recall,Transmission may shift into neutral while driving,Power Train,2025-03-14
Recall,Inoperative hvac controls,Visibility,2025-03-14
Recall,Vehicle rollaway from driveshaft disconnect,Power Train,2025-03-14
Recall,Cracked fuel injector may leak and cause a fire,"Fuel System, Gasoline",2025-03-14
Recall,Unexpected vehicle movement,Power Train,2025-03-14
Recall,Steering column shifter may detach,Power Train,2025-03-14
Recall,Rearview camera image displayed incorrectly,Back Over Prevention,2025-03-14
Recall,Blank or distorted rearview camera image,Back Over Prevention,2025-03-14
Recall,Rearview camera image may not display,Back Over Prevention,2025-03-14
Recall,Loss of drive power from undetected low battery,Electrical System,2025-03-14
Recall,Front windows may fail to reverse direction,Visibility,2025-03-14
Recall,Incorrect rearview camera image may display,Back Over Prevention,2025-02-28
Recall,Software error may cause loss of drive power,Power Train,2025-02-28
Recall,Trailer brakes may fail,Electrical System,2025-02-28
Recall,High voltage battery may short circuit,Electrical System,2025-02-28
Recall,High voltage battery contactor may overheat,Electrical System,2025-02-28
Recall,Loss of drive power from undetected low battery,Electrical System,2025-02-28
Recall,Loss of drive from disconnected axle shaft,Power Train,2025-02-28
Recall,Unintended brake light illumination/fmvss 108,"Service Brakes, Hydraulic",2025-02-28
Recall,Instrument panel not illuminated/fmvss 101,Electrical System,2025-02-28
Recall,Tail lights may fail,Electrical System,2025-02-14
Recall,Missing warning for turn signal failure/fmvss 108,Electrical System,2025-02-14
Large Recall,Improperly secured seat belt buckle anchor bolts,N/A,2025-02-14
Recall,Exterior mirror led lights may cause fire,Visibility,2025-02-14
Recall,Steering wheel may turn unintentionally,Steering,2025-02-14
Recall,Instrument panel display failure/fmvss 101 & 102,Electrical System,2025-01-31
Recall,Rearview camera image may not display,Back Over Prevention,2025-01-31
Large Recall,Rear shock absorber reservoir may detach,Suspension,2025-01-17
Recall,Steering gear assembled incorrectly,N/A,2025-01-17
Recall,Loose transmission cross member bolts,Power Train,2025-01-17
Large Recall,Loss of drive power from battery failure,Electrical System,2025-01-17
Recall,Engine rod bearing failure,Engine And Engine Cooling,2026-08-13
Recall,Obstructed rearview camera image/fmvss 111,Back Over Prevention,2026-07-28
Recall,Window glass trim pieces may detach,Structure,2026-07-28
Recall,Driver's seat may recline unexpectedly,Seats,2026-07-21
Large Recall,Engine compartment fire,Electrical System,2026-07-20
Large Recall,Second-row seat may move unexpectedly,Seats,2026-07-14
Recall,Trailer brakes and lighting may be lost/fmvss 108,Electrical System,2026-07-14
Large Recall,Roof rail covers may detach,Structure,2026-07-14
Recall,Rear differential pinion shaft may fracture,Power Train,2026-06-30
Recall,Windshield wiper and washing system malfunction,Visibility,2026-06-30
Recall,Missing pedestrian warning sound,Back Over Prevention,2026-06-30
Recall,Fender flare may detach,Structure,2026-06-24
Large Recall,Vehicle rollaway risk,Power Train,2026-06-24
Large Recall,Engine stall from canister purge valve malfunction,"Fuel System, Gasoline",2026-06-09
Recall,Unexpected downshift can cause loss of control,Power Train,2026-06-09
Recall,Steering wheel hands-off detection alerts may fail,Lane Departure,2026-06-09
Recall,Transmission clutch may fracture and leak fluid,Power Train,2026-06-09
Recall,Unintended vehicle movement,Power Train,2026-06-09
Recall,Window automatic reversal system malfunction/fmvss 118,Visibility,2026-06-09
Recall,Daytime running lights may not dim/fmvss 108,Exterior Lighting,2026-06-09
Recall,Instrument cluster may go blank on start-up/fmvss 101,Electrical System,2026-06-09
Recall,Vehicle rollaway risk,Power Train,2026-06-09
Recall,Instrument cluster failure/fmvss 102,Electrical System,2026-06-09
Large Recall,Center console may peel causing sharp edges,Structure,2026-06-09
Large Recall,Seat belt may fail to retract or extend,Seat Belts,2026-05-27
Recall,Loss of drive power from engine failure,Engine And Engine Cooling,2026-05-27
Do Not Drive,Do not drive: loss of control from control arm separation,Suspension,2026-05-27
Recall,Incorrect tire and weight capacity information/fmvss 110,Equipment,2026-05-26
Recall,Vehicle rollaway risk/fmvss 114,Power Train,2026-05-12
Recall,Hard top may crack and detach,Structure,2026-05-12
Large Recall,Loose bolt in front seat frame,Seats,2026-04-28
Recall,Block heater may overheat and cause fire,N/A,2026-04-14
Large Recall,Sun visor wiring may cause fire,N/A,2026-04-14
Large Recall,Unexpected downshift can cause loss of control,Power Train,2026-04-14
Recall,Loss of drive power due to transmission misalignment,Power Train,2026-04-14
Recall,Missing front axle hub spindle nut,Wheels,2026-04-14
Recall,Incorrectly installed piston circlips,Engine And Engine Cooling,2026-03-31
Large Recall,Windshield wipers may fail,Visibility,2026-03-31
Recall,Inoperative defrosting and defogging system,Visibility,2026-03-31
Recall,Front passenger air bag may not deploy/fmvss 208,Air Bags,2026-03-31
Large Recall,Loss of rearview camera image and adas features,Back Over Prevention,2026-03-19
Recall,Improperly secured seat belt anchors,N/A,2026-03-17
Recall,High pressure fuel pump may fail,"Fuel System, Diesel",2026-03-17
Recall,Moonroof glass panel may detach,Visibility,2026-03-17
Recall,Unintended brake light illumination/fmvss 108,Exterior Lighting,2026-03-17
Large Recall,Rearview camera image may not display,Back Over Prevention,2026-03-03
Large Recall,Incorrectly displayed rearview camera image/fmvss 111,Back Over Prevention,2026-03-03
Recall,Loss of drive power from egr valve failure,Engine And Engine Cooling,2026-03-03
Recall,Passenger-side headlight malfunction/fmvss 108,Exterior Lighting,2026-03-03
Recall,Driver's seat may move unexpectedly,Seats,2026-03-03
Recall,Driveshaft may separate,Power Train,2026-03-03
Recall,Backup alarm sound failure,Back Over Prevention,2026-03-03
Large Recall,Windshield wipers may fail,Visibility,2026-03-03
Large Recall,Trailer lighting and brakes may not function/fmvss 108,Electrical System,2026-02-20
Large Recall,Rear suspension toe link fracture,Suspension,2026-02-20
Recall,High voltage battery may short circuit,Electrical System,2026-02-17
Do Not Drive,Do not drive - loss of brake function/fmvss 105,"Service Brakes, Hydraulic",2026-02-17
Recall,High-voltage battery may cause fire,Electrical System,2026-02-03
Recall,Engine crossmember improperly secured,Structure,2026-02-03
Recall,Brake lights may fail to illuminate/fmvss 108,Exterior Lighting,2026-01-21
Recall,Inadequate windshield bonding/fmvss 212,Visibility,2026-01-21
Recall,Engine block heater may short circuit and cause fire,Equipment,2026-01-15
Recall,Engine block heater may short circuit and cause fire,Equipment,2026-01-15
Large Recall,Engine block heater may short circuit and cause fire,Equipment,2026-01-15
